precinct,registered,ballots,"WILLIAM WALLS, III",PATRICIA VAN PELT WATKINS,GERY J. CHICO,CAROL MOSELEY BRAUN,MIGUEL DEL VALLE,RAHM EMANUEL
01001,774,264,1,2,82,3,53,123
01002,757,232,1,0,34,0,48,148
01003,512,164,0,0,33,1,31,98
01004,621,211,0,1,47,3,35,125
01005,697,199,0,0,21,5,40,132
01006,587,234,0,1,52,2,51,127
01007,712,243,1,1,63,4,29,145
01008,659,247,1,4,25,11,44,161
01009,527,225,2,2,62,3,48,106
01010,686,244,1,1,55,2,33,151
01011,567,231,1,0,52,4,48,126
01012,774,287,2,1,47,1,46,190
01013,898,308,1,0,85,3,85,134
01014,563,230,0,6,35,12,42,135
01015,589,182,0,1,32,5,70,71
01016,240,104,1,1,17,8,31,46
01017,520,146,0,0,22,2,25,97
01018,590,227,1,2,46,2,94,79
01019,466,208,2,2,57,0,55,90
01020,622,304,0,0,72,4,86,139
01021,508,181,1,0,40,1,27,111
01022,619,189,1,0,38,2,53,92
01023,545,196,0,0,41,1,42,109
01024,787,324,0,4,78,2,96,144
01025,615,180,0,2,28,6,30,113
01026,545,181,0,0,43,4,31,101
01027,536,162,3,0,50,2,42,62
01028,406,123,1,2,23,4,16,76
01029,648,257,0,2,51,3,56,144
01030,852,329,2,3,92,6,84,141
01031,814,239,0,0,46,5,23,165
01032,719,223,1,0,44,2,79,92
01033,674,241,0,3,67,0,49,122
01034,526,175,1,0,32,3,57,81
01035,535,185,0,0,36,0,24,125
01036,686,246,1,1,43,1,52,147
01037,500,157,0,0,32,3,33,89
01038,472,145,0,0,41,0,38,64
01039,683,259,0,0,84,2,44,127
01040,389,106,0,0,25,0,20,61
01041,590,231,1,0,61,1,40,125
01042,574,189,0,0,58,0,24,107
01043,609,200,0,0,48,7,48,91
01044,527,189,0,1,36,3,44,103
01045,700,223,2,0,45,5,47,120
01046,666,250,1,0,58,0,50,141
01047,638,188,1,1,22,2,22,140
01048,408,179,0,2,26,5,54,91
01049,406,127,0,0,24,1,16,84
01050,456,137,0,0,40,2,22,72
02001,1462,573,3,3,121,17,55,373
02002,240,84,2,5,8,14,6,49
02003,995,286,2,10,51,28,15,175
02004,650,189,5,7,14,38,2,123
02005,711,222,2,10,27,38,9,134
02006,1076,404,1,1,85,4,28,283
02007,594,284,6,6,26,43,8,193
02008,738,411,4,4,65,18,33,284
02009,601,232,4,12,28,30,13,141
02010,322,172,3,7,14,25,1,121
02011,707,429,0,8,93,12,34,280
02012,1237,384,0,5,91,2,28,257
02013,646,266,2,8,35,40,16,160
02014,505,303,5,12,33,43,22,185
02015,427,121,0,5,12,22,7,73
02016,1248,362,1,2,79,6,32,241
02017,596,164,2,20,20,20,4,95
02018,583,337,0,0,86,14,17,219
02019,952,462,3,4,122,7,24,298
02020,786,388,1,10,35,68,20,251
02021,540,306,2,9,16,54,20,204
02022,771,454,0,3,74,29,35,311
02023,459,165,2,7,26,34,9,87
02024,555,187,2,3,58,17,6,101
02025,982,367,2,4,72,37,22,228
02026,652,302,2,7,46,28,27,191
02027,550,173,6,11,14,22,4,116
02028,996,225,1,1,64,16,23,118
02029,378,162,0,4,21,18,4,115
02030,869,354,0,0,89,8,35,221
02031,511,235,4,1,26,45,19,139
02032,454,146,1,2,41,12,14,75
02033,731,135,0,7,9,23,2,92
02034,428,213,4,7,22,50,1,124
02035,199,89,0,0,12,1,6,70
02036,981,474,1,5,80,28,27,331
02037,507,262,0,1,39,10,20,192
02038,1055,468,0,5,106,17,28,311
02039,752,242,2,5,44,13,29,146
02040,1555,578,7,3,101,53,38,372
02041,446,111,1,9,8,32,2,59
02042,304,172,2,3,12,43,2,105
02043,647,366,1,4,74,17,20,247
02044,456,177,5,7,16,47,5,92
02045,726,244,4,15,35,44,13,130
02046,652,333,10,10,34,75,15,185
02047,480,137,1,8,16,35,3,74
02048,402,119,1,8,9,17,3,79
02049,723,293,0,2,37,12,29,212
02050,459,176,1,8,56,9,19,82
02051,539,164,3,7,9,22,5,117
02052,891,263,5,14,22,33,16,172
02053,729,243,0,1,28,8,27,179
02054,669,342,1,2,57,4,40,237
02055,427,147,0,1,20,4,18,103
02056,519,211,1,13,26,40,10,121
03001,478,214,5,8,22,46,6,120
03002,568,301,3,5,29,57,9,190
03003,693,273,2,7,46,27,14,176
03004,380,161,3,0,18,42,8,90
03005,519,195,3,8,12,61,11,95
03006,151,36,0,0,7,3,1,25
03007,541,295,8,4,19,83,6,174
03008,665,212,3,1,26,42,4,135
03009,528,238,2,13,21,45,15,141
03010,277,85,0,3,5,14,4,57
03011,551,236,4,11,24,55,14,128
03012,592,188,1,7,16,45,5,111
03013,471,163,0,0,119,4,15,23
03014,332,157,1,6,6,83,2,59
03015,663,258,3,12,14,83,11,133
03016,410,194,0,8,13,48,15,110
03017,313,126,2,1,10,43,2,67
03018,282,98,0,6,12,24,5,49
03019,280,56,0,0,32,1,7,15
03020,372,175,3,8,18,37,6,100
03021,336,89,1,2,12,18,1,55
03022,292,121,0,2,4,33,3,77
03023,682,213,3,7,16,48,8,131
03024,746,298,4,6,45,58,12,173
03025,452,150,4,4,21,16,3,101
03026,216,56,0,2,2,17,1,34
03027,555,197,3,7,16,41,9,120
03028,1030,480,0,0,96,15,44,325
03029,518,199,3,7,10,36,5,135
03030,395,167,6,5,21,32,15,87
03031,689,309,10,13,31,61,7,185
03032,431,196,4,3,20,31,17,117
03033,766,266,7,15,37,63,12,131
03034,412,197,4,7,24,47,8,105
03035,528,228,3,15,16,48,16,127
03036,262,68,0,3,3,23,2,34
03037,226,99,1,7,10,20,3,57
03038,629,344,3,7,20,97,8,209
03039,467,324,5,10,11,68,8,219
03040,506,229,13,11,23,47,14,121
03041,479,193,4,3,14,62,7,101
03042,602,171,4,5,13,33,6,108
03043,133,37,1,1,0,12,1,22
03044,245,56,1,1,4,8,0,40
03045,743,336,3,3,45,39,24,217
03046,157,53,0,4,8,17,0,20
03047,380,130,6,3,17,30,5,67
03048,469,176,4,4,7,40,5,111
03049,196,59,0,1,4,11,7,36
03050,412,140,4,5,17,33,2,76
04001,787,379,5,6,52,51,78,187
04002,624,339,8,7,34,63,16,207
04003,742,301,6,10,31,70,19,163
04004,716,295,11,8,23,55,8,189
04005,719,389,10,9,27,97,25,215
04006,197,111,4,1,11,37,4,54
04007,690,333,11,6,33,68,17,197
04008,770,325,2,12,29,58,12,210
04009,805,512,12,14,34,88,22,338
04010,615,281,7,6,27,57,15,165
04011,553,203,3,6,15,41,7,131
04012,375,166,10,4,21,37,8,86
04013,400,220,3,2,20,30,35,130
04014,562,168,8,9,17,25,4,104
04015,489,253,4,8,31,38,20,150
04016,750,295,2,13,28,73,14,164
04017,518,303,5,9,23,42,21,201
04018,586,257,16,4,28,50,18,137
04019,654,268,3,9,18,62,12,160
04020,584,211,3,9,16,52,7,123
04021,646,349,3,11,46,50,49,188
04022,633,356,13,5,37,36,49,216
04023,402,208,5,2,25,26,26,123
04024,652,277,7,6,27,39,20,175
04025,519,300,7,5,29,77,8,173
04026,628,294,8,7,30,72,17,158
04027,442,222,2,7,21,41,10,141
04028,360,179,1,4,20,21,20,112
04029,419,257,2,4,26,18,15,191
04030,438,223,6,3,33,38,14,129
04031,339,203,1,0,11,8,81,102
04032,573,299,1,1,29,30,45,192
04033,514,259,4,11,28,41,22,152
04034,415,220,2,3,17,14,54,130
04035,453,157,12,3,15,29,8,89
04036,412,194,3,3,23,34,10,121
04037,123,5,0,1,0,1,0,3
04038,715,399,4,8,42,75,38,230
04039,433,188,10,10,20,35,6,106
04040,641,256,6,4,21,71,5,145
04041,318,138,3,1,18,6,43,66
04042,598,317,10,9,37,63,16,181
04043,348,168,3,3,12,23,31,96
04044,294,159,2,3,12,30,13,99
04045,687,462,7,8,32,79,29,305
04046,439,180,6,10,21,42,12,89
04047,859,357,5,7,33,53,67,188
04048,624,383,2,8,37,41,41,252
04049,534,208,5,4,15,49,8,123
04050,588,261,3,8,34,50,10,150
04051,422,268,7,8,25,48,12,167
04052,656,296,9,16,20,77,8,163
05001,615,283,5,12,38,60,18,147
05002,585,194,7,5,23,38,5,116
05003,290,123,4,2,14,12,16,74
05004,365,179,1,5,15,51,5,97
05005,540,196,5,5,13,46,9,118
05006,640,280,5,13,36,72,7,145
05007,591,269,2,10,24,69,19,144
05008,587,330,1,2,25,10,51,240
05009,561,236,4,10,37,48,5,130
05010,524,191,5,5,16,36,10,117
05011,397,221,4,3,25,21,29,139
05012,427,164,4,7,18,23,6,104
05013,560,234,8,11,16,62,16,120
05014,639,352,8,9,28,49,50,206
05015,464,221,0,2,14,34,27,143
05016,544,176,3,6,20,32,10,103
05017,563,226,4,3,19,42,7,148
05018,528,233,7,6,16,37,12,154
05019,357,112,6,7,8,20,5,66
05020,421,102,2,4,15,10,3,67
05021,594,242,4,11,6,49,11,161
05022,453,269,5,9,19,59,16,160
05023,483,155,3,11,14,35,3,88
05024,329,241,2,1,21,29,15,173
05025,637,233,1,12,19,51,7,141
05026,601,280,8,16,22,53,5,173
05027,759,311,0,7,40,15,51,195
05028,505,267,6,6,21,56,4,174
05029,494,234,9,6,25,45,14,135
05030,447,237,0,4,27,17,34,151
05031,569,229,4,7,21,43,10,143
05032,704,414,9,13,38,78,20,250
05033,318,181,2,4,4,51,6,114
05034,592,281,4,7,19,54,10,187
05035,375,195,3,5,15,22,20,130
05036,389,115,1,8,9,22,1,71
05037,376,198,1,6,29,17,27,116
05038,514,296,2,6,23,25,41,197
05039,598,333,0,2,34,14,53,229
05040,625,213,2,10,14,32,3,150
05041,464,244,0,0,28,4,37,173
05042,643,266,3,10,17,54,9,169
05043,536,258,4,6,19,68,13,145
05044,585,265,9,12,29,40,13,161
05045,344,124,4,3,4,39,3,71
05046,471,249,1,3,29,19,31,164
05047,451,180,1,9,11,36,9,113
05048,354,184,2,3,21,28,24,106
05049,133,58,1,0,8,16,2,30
05050,572,170,4,4,12,31,1,115
05051,478,147,1,7,18,36,5,80
05052,25,5,0,0,0,0,1,4
05053,534,282,3,10,26,31,29,181
05054,740,364,14,6,39,77,20,208
05055,478,219,3,1,22,26,6,161
06001,571,323,6,7,34,86,13,176
06002,588,280,5,11,30,71,11,148
06003,599,296,5,13,16,66,7,187
06004,637,182,7,4,12,58,1,98
06005,402,114,0,6,6,26,2,74
06006,436,232,5,5,21,54,11,133
06007,620,235,0,8,22,49,4,150
06008,639,346,10,10,24,92,8,199
06009,556,257,5,16,20,60,11,145
06010,571,372,8,6,25,88,9,235
06011,539,265,6,7,21,61,13,156
06012,630,184,5,8,11,42,6,112
06013,570,221,4,6,7,53,2,147
06014,708,241,4,9,25,50,10,143
06015,626,165,4,8,12,33,3,103
06016,666,315,5,18,25,71,9,186
06017,593,311,10,6,33,85,13,163
06018,527,146,3,13,15,27,1,85
06019,658,292,6,16,27,67,13,161
06020,567,231,2,11,17,45,9,147
06021,544,273,2,15,23,66,6,159
06022,589,237,3,7,25,51,6,144
06023,512,210,4,4,17,40,4,140
06024,603,234,6,12,19,57,6,132
06025,447,177,2,7,11,35,2,120
06026,694,286,5,9,25,63,12,171
06027,716,316,8,15,33,66,8,184
06028,879,443,8,10,57,121,9,236
06029,611,329,9,10,32,82,11,183
06030,590,214,7,11,18,41,3,131
06031,647,312,6,11,33,69,7,183
06032,645,232,6,3,20,62,4,136
06033,694,304,10,11,32,60,10,181
06034,508,206,2,8,19,49,5,123
06035,551,238,6,9,17,65,5,135
06036,461,145,3,5,16,34,6,79
06037,561,321,9,21,24,75,18,173
06038,619,261,1,8,19,73,12,144
06039,575,199,0,8,19,49,7,109
06040,443,125,2,6,18,26,4,68
06041,539,292,3,18,30,82,9,148
06042,519,132,3,3,8,35,2,79
06043,627,278,7,10,17,71,13,158
06044,594,263,9,9,18,58,10,159
06045,458,205,2,9,22,57,10,104
06046,479,231,7,7,16,64,8,128
06047,558,278,8,6,25,70,8,160
06048,556,209,8,6,9,36,5,142
06049,708,266,6,12,22,67,7,148
06050,559,280,5,14,12,59,11,179
06051,413,174,2,8,13,54,0,96
06052,403,143,1,6,14,20,8,94
06053,530,234,3,5,22,62,7,134
06054,558,239,15,5,12,56,7,143
06055,581,209,2,1,21,53,2,130
06056,450,125,3,2,15,35,5,65
06057,364,139,1,4,6,29,5,93
06058,541,294,8,8,19,79,15,158
06059,506,246,10,2,27,43,4,160
06060,369,160,7,12,12,37,5,86
06061,379,129,0,8,15,27,4,74
06062,601,219,5,7,18,47,4,137
06063,473,205,5,6,24,51,5,112
06064,597,300,5,7,40,69,9,169
07001,755,417,4,14,43,87,13,253
07002,726,249,2,8,19,49,12,157
07003,454,156,0,7,12,42,5,90
07004,587,182,3,6,26,35,13,99
07005,598,172,1,3,26,26,18,98
07006,556,191,3,9,9,54,6,109
07007,473,166,3,7,11,22,9,112
07008,270,75,1,2,18,15,5,34
07009,470,218,6,10,17,56,8,119
07010,464,161,0,5,20,27,3,105
07011,464,255,10,7,23,53,14,144
07012,418,177,2,7,24,21,11,111
07013,400,158,2,3,16,34,2,101
07014,581,252,5,9,19,58,15,140
07015,333,129,1,17,9,25,5,72
07016,452,135,1,12,13,27,1,79
07017,343,114,2,5,4,31,1,71
07018,482,155,1,7,27,26,10,82
07019,847,317,2,16,26,78,10,180
07020,398,83,3,1,14,17,0,45
07021,624,223,9,10,30,38,9,123
07022,449,160,7,7,21,25,9,88
07023,682,235,3,7,17,41,8,148
07024,487,212,4,8,24,57,1,117
07025,617,289,5,9,34,76,9,156
07026,714,278,4,8,27,54,9,174
07027,676,341,9,20,21,68,10,213
07028,646,235,5,10,20,63,6,129
07029,574,209,1,8,18,52,6,122
07030,482,253,5,4,28,62,8,146
07031,439,219,4,7,25,43,4,134
07032,546,157,1,4,31,17,11,93
07033,352,189,5,1,18,33,18,114
07034,444,185,3,3,27,31,8,113
07035,634,286,7,10,28,69,17,155
07036,580,217,2,4,25,47,4,134
07037,291,101,1,2,8,20,2,67
07038,416,153,4,8,11,35,6,87
07039,487,194,4,9,16,41,2,121
07040,726,276,7,3,29,65,6,165
07041,393,194,5,3,19,31,9,126
07042,852,307,8,9,27,56,11,193
07043,598,247,5,11,21,45,11,153
07044,998,366,7,9,31,92,9,215
07045,584,348,8,11,31,80,18,198
07046,241,139,3,2,17,28,5,79
07047,440,195,2,10,20,32,4,122
07048,438,193,4,7,16,30,5,127
07049,284,115,3,2,8,26,4,71
07050,310,169,4,6,10,43,9,97
07051,806,352,7,12,32,91,14,194
07052,431,172,2,5,18,36,7,104
07053,382,176,0,7,16,41,4,106
07054,275,88,3,1,12,18,4,50
07055,417,202,0,10,21,39,4,124
07056,465,192,4,7,12,37,7,125
07057,460,172,5,6,17,49,1,92
07058,461,284,6,8,28,59,9,172
07059,340,116,2,5,25,12,3,69
07060,334,137,4,3,15,25,3,85
07061,426,189,2,2,11,50,11,112
08001,508,271,6,6,26,62,9,161
08002,296,118,5,3,14,28,4,63
08003,567,323,5,10,33,91,7,177
08004,473,239,3,2,26,52,10,144
08005,496,297,5,5,25,101,12,147
08006,551,263,5,14,22,63,9,150
08007,496,208,2,5,22,46,5,126
08008,521,288,6,6,19,77,9,165
08009,578,310,10,13,22,77,9,177
08010,589,346,10,7,29,69,22,209
08011,571,245,12,13,17,55,11,136
08012,522,219,4,10,18,56,6,123
08013,427,199,0,7,24,49,3,116
08014,499,127,3,6,10,28,9,70
08015,429,187,5,10,10,48,7,107
08016,459,262,7,8,32,68,8,138
08017,415,237,6,15,28,44,8,135
08018,393,146,5,5,7,31,4,94
08019,612,293,4,8,23,75,13,168
08020,438,180,2,9,12,50,5,102
08021,410,213,4,7,12,52,9,127
08022,482,207,0,10,17,45,3,130
08023,497,205,10,10,16,48,6,111
08024,523,256,12,4,38,49,10,142
08025,521,229,6,13,24,48,3,133
08026,446,168,7,3,6,28,5,118
08027,555,282,2,8,28,68,9,167
08028,431,214,4,4,26,32,9,139
08029,622,241,0,12,25,70,11,120
08030,465,225,9,6,22,53,7,128
08031,428,165,0,4,5,36,8,111
08032,759,335,2,18,32,56,9,216
08033,500,216,4,5,23,51,6,124
08034,713,307,7,8,34,68,10,178
08035,575,289,11,3,23,59,8,184
08036,497,206,8,5,16,35,8,133
08037,717,263,5,12,26,58,7,154
08038,597,225,4,5,24,52,5,134
08039,530,239,3,3,24,44,5,158
08040,508,180,4,5,11,47,2,111
08041,419,185,6,9,18,35,3,114
08042,499,266,4,4,27,64,13,153
08043,508,171,8,7,6,35,4,110
08044,400,201,7,3,29,49,7,103
08045,544,183,4,7,14,31,2,123
08046,475,204,3,9,22,45,7,115
08047,522,259,2,11,24,69,7,146
08048,495,209,0,3,22,55,9,120
08049,647,298,5,11,29,73,11,168
08050,522,256,10,8,26,46,9,157
08051,652,299,4,5,25,68,17,180
08052,507,251,11,6,17,64,6,146
08053,590,280,11,8,30,66,6,158
08054,600,250,5,11,24,65,6,136
08055,592,193,1,12,11,42,4,121
08056,617,232,3,11,23,42,5,147
08057,504,214,5,7,7,44,11,136
08058,522,252,7,16,19,64,6,137
08059,379,133,3,3,14,27,4,82
08060,495,208,4,8,17,46,13,116
08061,410,197,5,7,25,44,7,107
08062,412,235,9,3,22,60,13,127
08063,483,258,3,7,24,53,17,153
08064,578,221,8,5,15,46,8,138
08065,328,149,2,8,18,36,7,77
08066,770,327,5,12,27,66,10,206
08067,408,164,4,6,20,36,3,95
08068,432,140,2,8,8,31,5,86
08069,414,138,5,5,7,40,6,75
08070,755,279,4,6,27,56,6,178
09001,627,281,10,13,37,71,4,145
09002,709,236,3,7,18,49,3,156
09003,340,83,0,4,5,12,2,58
09004,543,227,7,12,23,66,0,119
09005,751,282,6,10,26,71,5,155
09006,689,263,10,8,25,76,1,140
09007,603,196,5,3,19,29,3,134
09008,714,247,3,8,28,45,2,161
09009,600,317,11,7,32,81,7,178
09010,601,213,4,5,19,59,9,117
09011,553,174,2,10,16,44,2,100
09012,638,212,7,8,18,41,4,133
09013,582,267,3,5,24,63,5,167
09014,760,331,4,11,31,76,5,204
09015,738,183,8,5,12,39,3,113
09016,597,165,5,12,9,43,2,93
09017,620,202,2,7,21,42,1,128
09018,627,248,1,13,21,49,9,155
09019,619,240,1,10,25,54,5,145
09020,602,252,8,12,28,64,8,132
09021,648,218,4,13,10,51,5,134
09022,657,284,5,7,32,71,10,158
09023,505,168,1,4,16,52,5,90
09024,438,100,2,7,8,28,1,52
09025,476,193,3,3,49,11,26,101
09026,535,130,1,5,13,23,0,88
09027,596,220,1,4,13,51,3,146
09028,667,122,1,2,30,20,8,60
09029,584,188,7,6,20,53,5,97
09030,600,251,1,6,30,62,13,138
09031,523,191,5,6,23,50,3,103
09032,605,227,3,9,20,39,5,148
09033,663,172,3,6,12,30,3,116
09034,625,196,4,13,13,46,2,115
09035,613,279,4,10,27,67,8,161
09036,684,278,6,14,24,86,4,143
09037,480,211,2,5,55,12,22,115
09038,665,222,7,11,15,34,5,149
09039,722,282,5,10,32,59,5,170
09040,631,260,5,8,18,56,10,162
09041,671,253,5,5,20,73,6,142
09042,368,82,1,1,7,13,6,53
09043,517,132,1,10,13,30,2,74
09044,585,130,6,6,6,30,5,76
09045,551,201,2,9,14,48,2,123
09046,524,189,4,5,14,43,3,119
09047,660,274,5,12,26,48,12,168
09048,536,279,10,11,23,73,12,148
09049,549,143,2,4,11,16,3,107
09050,668,243,7,10,14,62,7,143
09051,363,145,2,13,23,41,3,62
09052,570,258,2,7,25,63,12,148
09053,367,125,2,4,8,37,1,71
10001,638,208,1,2,55,16,11,120
10002,420,205,0,0,100,2,12,90
10003,496,270,0,0,163,1,9,93
10004,595,185,1,5,87,15,18,58
10005,558,233,1,4,92,6,14,112
10006,534,212,3,6,24,45,4,128
10007,188,60,4,0,20,4,6,25
10008,477,230,2,1,130,1,16,79
10009,461,258,0,0,169,2,9,77
10010,525,278,0,0,171,2,19,82
10011,583,290,0,0,184,5,32,65
10012,527,221,0,2,109,0,19,91
10013,425,235,3,1,139,1,16,74
10014,611,287,1,1,190,4,18,68
10015,321,111,1,1,56,0,9,43
10016,450,264,1,1,157,2,16,85
10017,437,235,1,2,131,3,24,74
10018,633,143,1,0,72,12,12,42
10019,616,314,0,3,159,3,33,112
10020,473,219,0,0,126,3,16,73
10021,552,244,1,1,135,5,12,90
10022,475,151,1,0,56,13,8,72
10023,625,182,0,0,114,0,15,52
10024,418,249,2,1,131,0,11,101
10025,747,259,4,4,100,25,31,85
10026,631,198,0,1,106,2,25,63
10027,644,327,0,0,187,0,26,111
10028,489,189,7,6,27,23,4,117
10029,495,189,1,8,35,31,2,108
10030,693,246,1,1,163,2,20,58
10031,649,261,0,0,163,1,31,63
10032,606,254,0,2,142,5,26,77
10033,631,251,0,1,162,4,31,52
10034,652,233,2,1,143,0,22,61
10035,676,221,1,2,126,3,22,65
10036,568,262,0,2,146,17,10,85
10037,540,135,2,1,52,8,9,62
10038,611,287,1,0,163,1,19,102
10039,547,234,0,1,129,6,19,77
10040,575,190,0,3,91,9,13,68
10041,567,331,0,1,220,2,17,87
10042,501,267,1,2,149,3,19,91
10043,397,118,1,1,41,7,23,44
10044,723,221,0,0,118,2,34,66
10045,460,149,1,0,88,2,11,47
10046,657,263,1,1,142,1,29,89
10047,498,242,0,0,141,1,26,72
10048,522,163,3,3,32,17,10,96
11001,705,313,1,0,135,4,22,150
11002,572,242,2,0,127,4,27,81
11003,418,186,0,2,80,3,26,75
11004,699,244,1,0,100,2,38,101
11005,493,148,0,0,54,4,23,67
11006,686,282,1,0,139,1,58,83
11007,468,225,1,2,95,4,25,97
11008,638,227,0,1,109,2,31,83
11009,483,164,2,1,70,2,11,78
11010,339,142,1,0,72,0,24,43
11011,908,382,0,2,158,3,30,185
11012,490,273,0,1,159,1,9,103
11013,603,219,0,1,113,2,16,87
11014,586,207,0,1,80,2,23,97
11015,418,212,0,2,135,0,15,60
11016,701,286,1,0,108,4,35,136
11017,725,312,0,4,135,0,56,116
11018,474,199,0,1,84,4,31,78
11019,596,207,0,1,73,2,44,85
11020,336,197,0,1,96,1,15,83
11021,364,229,1,0,126,4,8,90
11022,423,205,1,0,74,3,18,108
11023,402,182,1,0,71,1,15,93
11024,657,413,0,1,199,2,11,197
11025,508,241,0,2,94,1,17,124
11026,826,306,2,0,153,1,35,113
11027,662,272,1,3,104,4,30,124
11028,472,172,0,1,83,2,12,72
11029,602,274,2,0,132,3,31,106
11030,624,228,0,0,124,3,36,64
11031,328,197,0,0,103,0,9,82
11032,371,197,1,0,107,2,9,78
11033,391,158,0,0,63,0,5,90
11034,347,170,2,3,59,15,8,76
11035,645,352,1,0,203,4,30,112
11036,188,67,0,1,16,1,5,44
11037,557,318,1,1,180,1,12,119
11038,587,335,0,0,157,1,20,157
11039,624,363,0,0,177,1,16,168
11040,312,157,0,1,64,0,13,79
11041,324,152,0,0,63,0,9,74
11042,440,187,0,0,95,2,6,84
11043,677,279,2,0,137,0,16,121
11044,564,241,0,1,85,1,30,124
11045,343,128,1,0,68,3,3,52
11046,276,143,2,0,65,5,4,64
11047,570,212,4,0,81,4,19,101
11048,174,108,0,0,63,0,5,39
11049,395,221,0,0,142,1,11,66
11050,396,131,0,0,53,1,16,60
12001,445,140,2,1,65,4,40,27
12002,454,184,0,3,97,4,23,54
12003,582,183,1,0,89,3,34,56
12004,403,145,1,1,85,1,24,32
12005,465,147,0,2,91,0,21,32
12006,481,130,0,0,54,7,35,31
12007,766,250,0,1,98,1,79,68
12008,742,340,1,2,181,5,47,99
12009,544,183,1,0,122,2,19,35
12010,627,204,0,0,115,0,27,60
12011,792,263,0,1,149,3,37,70
12012,507,191,0,1,120,4,32,32
12013,697,303,2,1,150,4,39,105
12014,588,206,1,1,111,2,26,64
12015,533,173,0,1,90,0,32,48
12016,514,191,1,1,108,3,31,44
12017,610,248,3,5,86,25,33,88
12018,630,214,1,3,82,7,43,75
12019,694,268,5,2,137,2,51,71
12020,470,168,0,2,91,1,33,40
12021,579,206,0,0,107,2,24,71
12022,525,133,0,0,56,1,37,38
12023,479,216,3,1,114,2,21,72
12024,553,246,0,1,117,1,44,77
13001,370,271,2,0,132,1,18,116
13002,313,182,2,0,86,5,22,65
13003,598,285,0,0,137,1,43,100
13004,712,437,1,0,259,8,17,149
13005,546,297,1,0,160,1,31,103
13006,471,240,1,0,104,3,37,95
13007,388,243,2,4,104,6,30,89
13008,439,284,0,0,167,0,28,87
13009,525,278,0,0,162,0,19,96
13010,383,219,2,3,114,3,18,77
13011,385,226,0,1,102,7,27,86
13012,458,224,0,3,108,0,28,83
13013,474,293,2,0,158,3,21,108
13014,447,232,1,0,128,3,24,76
13015,571,329,1,0,147,1,47,133
13016,570,312,3,2,145,1,35,125
13017,451,274,0,0,163,1,27,82
13018,393,210,2,3,110,5,31,58
13019,532,297,2,2,121,9,36,124
13020,532,224,0,1,112,1,36,70
13021,464,299,5,2,127,19,19,124
13022,413,215,0,1,112,1,18,79
13023,409,259,0,0,147,1,32,79
13024,411,264,4,0,114,7,27,106
13025,462,247,0,0,126,4,24,92
13026,438,265,1,0,149,0,13,102
13027,418,284,1,0,115,5,22,140
13028,391,216,1,2,111,1,22,77
13029,360,225,0,1,134,2,18,67
13030,518,344,0,2,180,3,52,103
13031,441,258,1,1,128,4,29,94
13032,410,232,2,12,41,33,11,133
13033,442,223,1,0,112,3,20,87
13034,561,350,0,1,150,0,63,132
13035,385,269,0,1,128,1,45,91
13036,287,129,0,0,72,0,9,48
13037,450,259,2,2,96,18,32,109
13038,481,260,0,0,125,7,31,96
13039,449,261,3,0,146,0,25,87
13040,534,284,1,2,143,4,33,100
13041,349,234,0,2,106,5,30,87
13042,305,240,1,3,115,10,26,83
13043,367,281,1,0,153,2,29,94
13044,428,345,1,1,168,3,44,122
13045,530,307,0,0,184,1,24,97
13046,556,297,0,0,131,3,49,113
13047,552,263,1,1,116,3,32,107
14001,306,96,0,0,59,0,10,26
14002,386,191,0,0,104,2,21,58
14003,429,210,0,0,104,8,34,61
14004,427,166,0,1,98,2,24,41
14005,561,231,0,1,141,2,39,44
14006,410,179,0,0,114,1,31,32
14007,367,173,0,0,101,2,20,49
14008,264,123,0,2,67,0,19,35
14009,453,206,0,0,128,0,36,34
14010,404,212,2,0,123,3,40,43
14011,360,156,1,2,115,1,18,19
14012,351,157,0,2,98,1,14,42
14013,416,207,0,1,115,0,22,68
14014,325,152,0,0,101,1,16,32
14015,347,209,1,0,145,1,18,41
14016,471,200,0,1,118,1,27,53
14017,417,250,1,2,182,6,20,37
14018,427,156,0,2,82,0,31,41
14019,522,246,0,2,143,3,40,58
14020,381,156,0,0,94,1,17,43
14021,368,193,0,0,143,1,20,29
14022,538,255,0,1,145,2,48,57
14023,464,224,0,0,133,0,27,64
14024,319,128,0,0,88,3,10,26
14025,393,204,0,0,99,1,17,86
14026,516,177,0,0,108,1,25,42
14027,541,263,3,3,132,2,36,83
14028,444,184,3,0,103,1,21,55
14029,458,229,0,1,136,4,29,56
14030,293,164,0,0,103,1,18,40
14031,339,166,0,1,116,0,15,34
14032,313,124,1,1,52,4,23,43
14033,306,143,0,0,93,3,17,30
14034,350,142,0,0,92,2,17,31
14035,451,182,0,1,110,0,32,39
15001,390,153,0,5,44,23,18,60
15002,409,127,0,8,4,39,10,66
15003,454,117,5,6,14,32,1,58
15004,506,144,5,6,6,34,2,89
15005,535,131,2,2,11,34,3,77
15006,592,146,1,3,27,29,12,74
15007,503,149,3,4,14,37,3,84
15008,730,205,3,13,16,58,1,113
15009,507,163,3,7,23,34,9,85
15010,517,127,0,0,52,1,35,38
15011,568,176,6,6,19,26,14,104
15012,318,79,0,3,8,28,1,39
15013,448,127,3,2,39,14,26,42
15014,632,221,0,1,92,8,43,77
15015,571,157,0,0,54,17,21,63
15016,428,114,0,0,47,5,19,43
15017,498,176,8,9,12,43,3,99
15018,415,106,4,4,7,23,1,67
15019,455,144,2,11,7,20,3,100
15020,345,83,1,6,5,20,3,46
15021,435,141,2,8,9,38,3,80
15022,685,210,4,5,27,51,10,112
15023,396,110,1,3,14,29,3,59
15024,463,141,4,7,32,22,7,69
15025,619,166,1,7,43,19,25,69
15026,446,136,3,3,8,28,4,89
15027,421,134,1,6,13,29,4,80
15028,565,204,0,2,96,5,32,68
15029,298,59,1,2,5,18,1,31
15030,639,152,6,3,25,32,10,75
15031,414,114,0,4,3,32,1,72
15032,615,140,2,2,45,17,11,58
15033,479,138,2,6,6,37,4,82
15034,468,143,1,8,6,45,4,77
15035,501,178,1,7,9,39,2,118
15036,481,139,3,4,15,38,3,73
15037,399,100,1,1,10,21,0,67
15038,426,129,4,4,20,19,8,72
15039,485,149,3,9,14,41,6,75
15040,491,121,0,3,11,29,4,73
15041,675,222,4,6,30,36,9,135
15042,315,86,1,4,9,15,0,57
15043,438,122,0,2,4,31,4,79
15044,525,179,2,4,38,19,21,93
15045,247,75,2,2,21,7,9,34
15046,321,93,2,0,5,18,2,66
15047,528,187,3,6,20,36,1,119
15048,428,110,1,4,15,11,7,71
15049,503,108,0,4,39,11,5,49
15050,430,148,2,5,19,34,5,82
15051,351,106,2,2,11,30,1,56
15052,402,115,5,5,12,32,1,60
16001,445,89,1,1,19,15,9,42
16002,394,111,0,2,7,26,5,68
16003,480,159,2,7,5,40,3,100
16004,541,118,2,0,57,10,18,30
16005,529,149,2,6,11,55,5,69
16006,181,66,0,2,8,14,4,36
16007,474,142,3,7,20,38,7,67
16008,582,150,1,1,23,19,8,96
16009,499,193,6,10,14,51,3,108
16010,793,220,12,7,13,54,5,120
16011,642,173,4,8,34,31,10,85
16012,496,98,0,2,12,20,4,58
16013,505,158,1,3,76,7,20,50
16014,504,150,2,2,9,51,2,84
16015,505,152,2,3,18,39,2,85
16016,532,156,2,7,14,40,2,90
16017,471,156,1,0,73,4,20,55
16018,573,157,4,3,10,37,5,96
16019,598,179,2,4,22,38,5,108
16020,441,127,1,2,11,43,4,65
16021,530,179,0,0,85,3,33,56
16022,472,118,2,4,10,31,0,71
16023,570,133,2,2,57,5,26,40
16024,276,84,1,4,5,23,2,49
16025,351,111,2,3,9,21,5,70
16026,468,154,1,6,13,45,2,83
16027,627,239,7,10,20,54,7,139
16028,503,176,8,3,13,57,5,89
16029,451,105,2,6,10,18,3,65
16030,482,112,0,4,7,25,7,68
16031,548,175,2,4,16,35,4,112
16032,469,171,0,0,87,2,25,53
16033,382,101,1,2,12,21,5,59
16034,485,120,3,5,5,25,4,77
16035,618,167,1,2,74,11,24,53
16036,506,146,1,15,10,34,1,85
16037,342,76,3,2,5,20,3,42
16038,409,109,3,3,10,22,2,69
16039,570,193,0,1,85,5,26,73
16040,518,163,3,7,10,55,8,79
16041,259,78,1,0,8,30,3,33
16042,568,166,0,2,92,3,26,40
16043,616,161,2,6,11,56,2,82
16044,543,149,2,8,28,20,12,79
17001,328,104,2,3,8,25,4,61
17002,569,178,7,6,9,49,8,95
17003,441,134,1,3,9,43,3,73
17004,629,272,5,13,20,56,5,172
17005,436,147,0,9,12,32,2,90
17006,471,130,1,0,5,31,1,91
17007,603,198,4,8,21,39,5,121
17008,421,142,4,4,7,30,3,91
17009,377,130,5,9,8,29,5,74
17010,472,174,5,7,18,38,5,101
17011,540,170,2,7,22,41,2,95
17012,642,263,4,8,19,53,6,173
17013,419,109,5,3,3,35,2,61
17014,571,161,2,5,11,33,5,102
17015,546,202,8,8,18,38,4,126
17016,484,128,3,8,7,31,3,75
17017,438,101,0,4,11,30,2,54
17018,538,213,1,6,17,40,4,140
17019,275,75,2,3,3,16,1,50
17020,508,160,0,8,17,40,3,91
17021,543,271,6,7,19,65,12,159
17022,543,196,6,8,13,50,5,113
17023,369,115,3,7,5,22,3,75
17024,611,173,2,17,18,41,5,89
17025,413,114,2,9,14,18,5,65
17026,587,221,5,13,25,47,5,125
17027,694,242,3,11,19,47,6,144
17028,475,167,1,6,23,32,4,101
17029,500,175,1,9,12,50,3,100
17030,571,186,2,9,17,54,4,97
17031,519,160,1,6,11,38,2,99
17032,579,193,2,11,5,47,3,124
17033,430,144,2,2,14,21,5,100
17034,436,141,1,13,10,31,1,84
17035,318,108,0,5,11,25,7,60
17036,333,101,1,2,2,27,0,68
17037,500,145,3,6,16,29,2,87
17038,466,147,1,3,6,39,3,94
17039,461,160,4,3,13,41,4,95
17040,451,144,6,8,12,30,2,85
17041,431,126,0,1,4,24,3,94
17042,426,136,4,12,7,32,2,76
17043,457,133,5,3,7,32,4,80
17044,450,119,1,11,10,34,3,59
17045,389,101,1,4,7,21,5,63
17046,498,152,3,1,13,39,3,93
17047,314,106,1,8,9,28,3,57
17048,594,162,8,10,10,39,3,90
17049,371,120,2,3,6,24,2,81
17050,592,162,4,11,16,37,1,93
17051,525,203,5,46,11,28,2,111
17052,597,251,2,15,17,59,6,148
17053,443,180,3,6,15,46,3,107
17054,486,231,1,7,23,47,7,145
17055,461,164,3,9,19,27,4,99
17056,596,159,5,9,10,46,2,87
17057,581,199,2,6,25,49,3,113
17058,499,136,0,7,7,34,6,81
17059,304,88,3,5,7,19,0,54
17060,568,244,4,12,14,47,4,163
17061,491,155,6,6,11,33,4,93
17062,453,134,1,4,13,35,2,77
17063,560,123,0,5,12,24,4,78
17064,413,119,5,7,10,36,2,59
18001,339,119,2,4,26,13,4,69
18002,575,275,6,9,56,52,14,136
18003,455,239,3,1,135,12,29,59
18004,561,295,6,9,52,70,6,148
18005,635,213,4,6,14,40,5,144
18006,491,253,2,6,129,19,11,86
18007,561,256,4,5,68,42,10,121
18008,276,111,1,6,21,21,3,56
18009,592,291,7,13,67,59,5,138
18010,766,428,3,16,107,86,19,197
18011,564,239,5,1,60,24,27,122
18012,597,329,6,16,55,70,10,170
18013,621,309,12,10,72,50,12,150
18014,618,310,5,13,42,59,11,179
18015,356,163,0,3,58,14,19,68
18016,647,314,3,12,58,71,6,163
18017,575,242,4,5,67,27,14,124
18018,530,255,8,8,24,74,10,122
18019,613,311,10,14,28,72,6,181
18020,564,249,7,16,19,69,9,128
18021,727,368,4,15,81,65,21,179
18022,699,362,8,11,59,64,9,208
18023,520,226,8,8,42,48,8,112
18024,589,299,3,14,28,71,8,173
18025,580,259,5,10,23,56,4,160
18026,429,237,15,7,40,52,9,112
18027,658,233,2,10,36,44,16,122
18028,504,257,1,2,151,5,15,82
18029,613,275,1,5,84,37,12,135
18030,510,186,3,6,11,40,7,117
18031,604,233,5,12,38,33,9,135
18032,692,331,7,8,28,76,3,205
18033,521,182,6,10,12,35,1,118
18034,601,362,9,14,71,76,20,171
18035,679,346,8,17,76,44,14,185
18036,450,184,1,5,56,33,5,84
18037,449,241,7,6,43,36,12,136
18038,633,279,1,6,23,73,7,168
18039,646,231,7,10,48,44,6,114
18040,596,357,8,15,55,79,12,188
18041,504,287,3,2,138,20,18,106
18042,522,188,0,6,34,27,10,111
18043,568,197,2,4,66,15,29,80
18044,410,175,2,8,37,24,12,92
18045,551,271,3,8,20,68,9,163
18046,598,255,5,8,20,52,2,167
18047,669,200,2,3,25,35,11,122
18048,412,171,0,1,80,3,19,67
18049,537,159,4,5,15,41,5,89
18050,674,215,2,5,26,34,5,140
18051,718,292,4,20,22,67,11,166
18052,612,271,5,8,16,71,7,163
18053,449,178,3,9,14,26,2,124
18054,559,261,3,4,36,60,5,152
18055,534,278,1,0,165,14,13,83
18056,652,238,0,7,100,29,12,89
18057,488,195,1,4,51,23,22,94
18058,606,200,4,7,15,36,4,132
18059,526,233,7,8,27,50,7,134
18060,672,272,4,12,18,58,4,175
18061,557,240,3,8,13,43,9,164
18062,499,189,0,3,75,10,25,75
19001,501,399,1,2,237,4,21,134
19002,430,321,5,4,91,33,29,157
19003,457,368,0,0,289,1,11,67
19004,484,384,2,1,226,7,20,128
19005,505,388,6,9,113,41,29,190
19006,466,362,1,0,252,2,15,90
19007,469,375,1,0,220,4,26,119
19008,420,325,0,0,238,3,11,69
19009,382,293,0,0,218,2,10,62
19010,615,465,4,4,150,30,28,245
19011,572,474,0,1,355,6,22,88
19012,507,383,0,0,279,0,15,83
19013,381,244,7,4,39,47,10,136
19014,645,426,0,4,130,12,34,240
19015,474,376,0,2,274,0,18,82
19016,590,464,0,1,352,2,17,92
19017,532,400,2,1,251,1,31,112
19018,548,418,1,0,156,22,37,200
19019,506,393,0,1,143,28,40,180
19020,460,339,0,2,97,37,37,165
19021,432,319,1,0,217,1,17,81
19022,586,433,1,3,171,26,23,204
19023,588,458,1,1,270,2,29,155
19024,442,346,2,1,231,1,23,87
19025,583,434,1,6,185,22,33,186
19026,561,413,1,3,157,17,24,209
19027,359,229,3,8,66,23,22,107
19028,522,352,7,15,62,63,26,178
19029,513,393,0,2,286,0,21,81
19030,528,412,1,0,297,1,21,91
19031,462,371,2,2,175,15,30,147
19032,497,400,0,2,262,2,28,103
19033,571,466,1,1,337,0,16,108
19034,487,372,5,3,142,7,35,177
19035,476,353,1,2,151,22,26,151
19036,700,413,5,11,101,54,31,209
19037,493,384,5,7,130,29,39,170
19038,502,356,6,11,73,44,29,190
19039,256,119,1,3,26,21,5,62
19040,536,395,2,3,159,17,32,181
19041,390,306,0,0,222,0,16,67
19042,526,367,1,5,96,47,27,189
19043,698,428,3,12,54,102,17,238
19044,479,399,0,2,284,1,19,92
19045,511,407,0,3,240,3,29,130
19046,595,478,1,0,253,1,20,197
19047,696,502,7,8,192,58,40,197
19048,748,422,7,12,48,89,13,252
19049,586,420,6,7,83,65,39,217
19050,648,328,10,12,36,63,18,189
19051,378,309,0,1,208,2,25,72
19052,440,336,1,0,232,3,15,85
19053,502,384,0,2,216,7,26,132
19054,432,336,0,0,240,0,8,87
19055,410,334,1,1,221,0,15,96
19056,564,432,1,1,131,30,33,235
19057,541,434,4,7,159,29,34,199
19058,516,412,1,0,300,3,12,96
19059,575,471,1,1,337,2,24,103
19060,412,259,7,13,42,53,11,133
19061,591,486,0,2,263,2,20,196
19062,482,349,2,2,212,9,22,100
19063,378,248,2,4,82,36,18,104
20001,568,180,1,9,21,37,8,101
20002,503,168,4,5,8,34,8,108
20003,522,153,1,3,17,38,2,92
20004,631,165,1,1,94,5,25,39
20005,370,122,5,1,10,27,1,78
20006,583,204,6,6,16,54,6,116
20007,229,61,0,1,3,19,6,31
20008,195,77,2,1,47,0,12,14
20009,643,285,8,9,32,58,21,155
20010,455,162,0,4,12,49,4,91
20011,451,92,1,4,7,21,0,58
20012,356,111,0,8,12,22,1,65
20013,457,157,4,8,11,36,1,89
20014,583,234,5,10,14,50,4,145
20015,710,193,0,1,97,3,35,57
20016,568,260,2,9,24,47,19,156
20017,422,124,4,7,7,34,4,64
20018,480,137,2,9,10,33,1,82
20019,476,139,3,3,9,39,5,80
20020,348,75,0,4,7,25,4,35
20021,380,111,2,0,66,3,8,31
20022,671,289,11,5,29,55,20,168
20023,684,239,1,9,11,44,7,165
20024,510,214,2,8,26,41,15,119
20025,454,144,2,8,20,35,2,76
20026,556,213,6,8,24,73,5,94
20027,498,146,5,6,8,37,5,84
20028,504,175,3,4,14,27,6,119
20029,630,214,9,9,21,49,9,117
20030,482,154,4,8,14,36,3,88
20031,526,185,2,11,15,42,6,107
20032,347,124,2,1,5,29,6,79
20033,622,179,7,6,16,43,4,102
20034,756,304,6,14,25,38,38,181
20035,383,74,0,5,9,20,0,40
20036,432,140,4,3,17,25,3,88
20037,501,181,6,10,12,52,8,92
20038,102,40,0,0,3,6,2,27
20039,526,177,5,8,21,35,4,103
20040,464,131,0,5,7,30,5,83
20041,320,58,1,1,30,2,13,9
20042,541,141,5,9,9,22,3,93
20043,135,51,2,1,1,14,0,33
20044,474,238,4,8,19,69,10,128
20045,422,113,5,3,11,30,2,62
20046,440,162,3,5,19,27,12,95
20047,424,136,4,5,11,34,3,77
20048,252,67,4,1,1,18,2,41
20049,352,121,1,5,9,29,4,72
20050,336,77,3,3,7,16,3,45
21001,768,344,9,10,35,67,11,211
21002,593,220,9,12,16,42,8,131
21003,485,183,6,7,13,31,8,116
21004,584,239,3,12,21,48,11,142
21005,581,240,6,12,29,57,5,130
21006,537,189,1,6,13,41,6,118
21007,513,249,5,6,28,54,4,151
21008,602,254,5,14,16,56,9,154
21009,666,246,2,10,20,53,1,157
21010,445,177,3,4,25,39,2,104
21011,552,234,2,11,20,51,9,138
21012,586,249,2,7,14,64,4,156
21013,311,133,2,7,5,25,3,89
21014,496,217,2,7,15,52,4,136
21015,465,179,2,7,12,50,6,100
21016,540,212,0,10,23,48,4,126
21017,571,242,12,10,18,54,7,140
21018,438,206,4,11,21,43,1,126
21019,449,188,3,7,18,49,8,103
21020,317,145,2,5,26,24,3,85
21021,664,261,9,12,20,64,10,145
21022,532,206,2,6,15,49,4,127
21023,431,178,6,7,12,50,1,102
21024,578,242,4,7,20,63,6,139
21025,406,195,8,5,22,57,5,98
21026,407,199,8,7,15,59,5,104
21027,580,293,3,14,17,62,5,188
21028,445,197,3,5,17,38,4,130
21029,283,107,3,5,9,24,3,62
21030,389,159,3,8,13,39,5,91
21031,723,318,4,13,34,71,9,186
21032,596,204,1,10,26,55,10,101
21033,569,226,3,10,21,52,11,128
21034,640,266,4,18,23,48,3,170
21035,385,126,2,5,12,23,6,77
21036,574,176,5,10,10,27,6,117
21037,630,253,8,11,32,47,3,149
21038,606,238,3,16,23,70,3,120
21039,529,185,2,3,24,44,2,109
21040,454,213,4,14,22,47,7,118
21041,470,166,4,4,11,56,7,83
21042,557,225,4,7,18,63,5,128
21043,531,212,0,12,17,38,4,141
21044,630,219,4,4,14,51,8,132
21045,439,192,7,9,21,37,4,113
21046,469,144,3,4,19,23,2,92
21047,622,308,4,7,32,70,11,182
21048,705,224,2,5,18,44,11,143
21049,652,289,10,11,23,74,15,154
21050,635,246,8,11,21,60,6,139
21051,585,235,8,9,18,56,7,135
21052,614,226,1,6,16,56,5,142
21053,593,218,3,7,12,59,7,129
21054,445,208,3,9,19,61,1,114
21055,647,242,3,7,19,49,2,160
21056,491,183,4,6,10,43,3,117
21057,567,209,3,19,16,46,7,116
21058,438,181,4,4,19,47,3,103
21059,667,277,6,11,26,56,7,169
21060,568,242,8,13,19,54,5,141
21061,649,253,4,9,17,46,10,165
21062,536,210,5,6,30,55,5,108
21063,450,202,2,5,15,56,7,116
21064,340,105,4,4,8,31,2,53
21065,619,323,3,17,37,89,19,157
21066,417,185,3,5,19,47,2,109
21067,565,241,8,9,13,54,4,153
21068,575,226,8,11,19,36,2,150
21069,426,173,0,9,14,46,3,100
21070,534,189,3,12,13,35,6,118
21071,447,187,1,3,23,47,2,109
21072,616,246,2,9,24,60,7,142
21073,775,277,8,11,25,52,11,169
21074,284,72,1,2,3,25,0,41
22001,541,125,0,0,54,3,42,26
22002,361,138,0,0,62,3,41,32
22003,565,194,0,1,92,0,64,34
22004,588,167,0,0,83,0,46,37
22005,596,215,0,1,100,1,60,50
22006,524,161,1,0,79,0,50,30
22007,471,171,3,2,16,55,8,87
22008,491,135,0,1,77,2,25,29
22009,603,180,1,0,86,1,57,30
22010,549,195,0,0,87,1,58,48
22011,626,177,0,0,92,0,43,39
22012,403,150,0,0,61,2,41,46
22013,709,214,1,0,103,3,35,65
22014,420,116,0,2,35,12,25,42
22015,536,125,0,1,62,1,33,26
22016,579,209,0,0,96,2,51,56
22017,570,173,0,1,85,0,49,35
22018,766,203,0,0,93,2,60,45
22019,386,124,1,9,14,14,8,78
22020,653,188,0,1,101,2,38,46
22021,537,169,1,10,8,24,7,116
22022,616,152,0,0,79,0,45,28
22023,652,207,0,1,82,9,62,52
22024,480,136,0,0,72,1,34,28
22025,430,149,0,0,65,1,51,31
22026,413,160,0,1,79,0,34,45
22027,751,221,1,0,99,1,63,54
22028,354,111,0,0,56,3,33,18
22029,479,111,0,0,56,2,21,30
23001,468,309,1,1,207,3,12,83
23002,564,395,2,2,261,3,16,108
23003,459,342,0,2,190,0,16,133
23004,566,306,0,1,164,0,19,120
23005,556,211,0,0,95,2,24,89
23006,534,302,2,0,141,5,21,132
23007,534,311,0,1,172,1,15,120
23008,579,309,2,1,176,5,29,92
23009,630,310,4,0,134,3,47,121
23010,513,319,0,2,160,2,40,111
23011,604,356,0,0,196,4,25,127
23012,513,358,0,1,200,2,20,131
23013,590,397,0,1,242,2,23,128
23014,495,296,1,0,168,0,18,108
23015,555,324,1,2,207,3,8,102
23016,521,340,1,2,203,2,17,115
23017,556,397,1,1,232,2,24,132
23018,426,257,1,0,152,0,13,91
23019,441,284,0,2,175,0,22,84
23020,445,289,0,1,168,4,9,103
23021,682,264,2,12,19,68,1,162
23022,584,304,0,0,168,2,28,101
23023,494,317,0,0,186,3,23,105
23024,461,183,0,1,100,8,22,49
23025,574,239,4,0,107,1,33,93
23026,514,354,2,1,202,2,22,121
23027,472,310,0,0,188,1,22,99
23028,558,346,0,1,205,4,17,118
23029,515,244,0,1,120,2,37,83
23030,490,298,0,0,182,0,22,92
23031,610,258,4,1,102,12,29,105
23032,521,289,2,4,93,7,30,152
23033,578,332,1,0,145,2,24,158
23034,594,258,1,1,115,2,24,114
23035,369,184,4,3,11,40,3,123
23036,641,428,0,0,244,3,18,162
23037,378,155,1,4,13,35,2,97
23038,441,269,0,1,154,3,18,93
23039,511,294,0,1,177,1,23,89
23040,529,322,0,1,175,3,18,123
23041,617,279,0,3,132,4,14,123
23042,425,275,0,0,146,1,23,100
23043,630,393,0,2,218,2,30,137
23044,456,321,0,0,182,3,19,116
23045,673,404,1,0,235,4,31,130
23046,498,333,0,1,212,1,16,101
23047,549,382,3,3,216,2,31,124
23048,494,250,0,2,130,2,18,95
23049,586,414,1,2,252,2,28,123
23050,441,183,1,1,91,2,16,70
23051,401,237,2,2,120,2,15,96
23052,575,396,1,1,225,3,22,142
23053,381,201,0,1,108,2,17,72
23054,646,384,2,0,191,7,18,158
24001,745,252,5,10,22,54,8,150
24002,564,120,2,10,11,25,5,65
24003,548,155,2,5,10,26,5,106
24004,513,169,4,7,15,25,7,109
24005,482,165,5,4,9,35,7,99
24006,677,198,6,9,13,39,10,120
24007,476,152,1,6,12,26,2,105
24008,508,155,3,10,16,41,3,78
24009,551,177,3,10,13,31,8,109
24010,460,147,0,4,8,39,3,91
24011,412,96,1,2,7,22,1,62
24012,504,162,1,5,4,31,1,117
24013,503,142,1,4,13,39,3,79
24014,722,213,5,17,18,53,3,114
24015,471,135,4,6,15,32,3,75
24016,437,104,0,3,8,26,2,63
24017,504,147,3,2,15,38,3,86
24018,363,119,3,4,8,24,1,79
24019,319,99,2,6,11,27,1,52
24020,485,125,0,5,12,32,2,71
24021,437,103,0,3,12,39,3,45
24022,604,194,9,9,19,37,5,110
24023,436,99,2,7,7,18,1,62
24024,386,100,2,1,11,22,0,61
24025,611,202,0,13,12,38,2,137
24026,652,186,2,8,12,48,5,109
24027,316,109,3,5,11,22,4,59
24028,627,215,2,3,14,59,7,125
24029,692,184,3,6,13,47,5,109
24030,551,188,0,9,19,42,8,108
24031,587,165,5,7,11,28,6,104
24032,481,168,3,12,19,44,5,85
24033,416,117,2,4,17,24,3,65
24034,600,174,2,7,15,37,5,106
24035,643,245,4,14,15,63,4,143
24036,480,154,1,6,18,35,7,86
24037,530,183,3,10,11,46,2,109
24038,521,204,2,11,23,51,13,100
24039,481,168,2,6,24,29,4,102
24040,587,205,4,4,19,55,14,108
24041,499,166,4,8,15,25,5,109
24042,353,122,3,4,9,20,5,80
24043,747,216,2,9,8,58,1,134
24044,725,257,1,20,27,44,23,141
24045,501,137,2,4,12,34,5,78
24046,643,193,4,6,25,44,5,108
24047,448,146,2,12,13,25,2,92
24048,290,111,2,2,7,24,1,75
24049,815,319,8,11,23,69,6,202
24050,836,297,1,11,19,60,10,194
24051,778,256,2,10,18,55,8,162
24052,442,146,0,5,15,40,2,84
24053,703,172,0,1,79,4,44,43
24054,513,213,5,10,15,59,4,120
24055,616,157,4,7,17,32,1,95
24056,631,212,8,10,13,41,5,131
25001,594,259,0,1,125,4,44,80
25002,1000,411,0,5,187,1,128,90
25003,703,210,4,3,56,16,18,110
25004,698,309,1,2,121,1,39,143
25005,639,258,0,0,120,3,52,81
25006,555,231,2,2,94,2,56,72
25007,720,259,0,4,108,4,73,65
25008,718,258,2,0,117,3,67,67
25009,913,352,0,3,172,9,72,93
25010,365,173,0,2,69,13,28,59
25011,864,312,1,1,127,5,88,88
25012,668,284,0,0,99,3,56,123
25013,853,317,0,2,155,1,81,75
25014,887,243,2,2,90,8,23,87
25015,727,282,2,3,146,6,46,79
25016,505,212,2,0,72,8,27,87
25017,1033,457,4,5,164,22,91,161
25018,1204,495,3,2,119,22,39,186
25019,963,338,1,1,159,4,81,81
25020,867,302,0,1,145,5,76,75
25021,363,174,2,1,64,6,17,84
25022,416,135,0,0,59,4,39,32
25023,835,371,0,3,167,6,90,103
25024,989,346,3,0,169,2,90,79
25025,569,232,0,1,67,3,20,140
25026,444,186,0,0,77,1,28,78
25027,520,227,0,2,80,6,17,121
25028,634,312,1,3,118,1,30,159
25029,1443,596,2,2,151,41,37,360
25030,798,287,3,2,124,1,78,78
25031,407,172,1,1,67,3,36,64
26001,381,136,0,0,35,1,44,55
26002,463,211,2,0,51,8,60,85
26003,486,147,2,0,30,7,43,65
26004,317,120,0,1,22,0,51,43
26005,490,201,3,2,40,7,76,71
26006,357,129,0,0,32,4,54,34
26007,349,117,0,1,28,1,25,61
26008,360,140,0,1,21,6,55,55
26009,338,106,0,0,31,1,46,28
26010,315,118,0,0,32,2,44,39
26011,374,149,1,2,33,0,60,52
26012,318,92,0,1,14,5,33,37
26013,324,172,1,1,29,1,75,65
26014,413,88,0,0,25,1,38,24
26015,471,130,0,0,31,2,54,41
26016,341,91,0,1,19,1,32,38
26017,316,127,1,0,60,2,14,49
26018,349,94,0,0,33,3,28,29
26019,637,232,1,2,38,5,90,95
26020,528,163,0,1,37,4,53,66
26021,553,139,0,3,15,15,52,52
26022,407,108,0,0,26,1,34,47
26023,437,111,0,0,41,1,31,38
26024,415,115,0,0,34,3,31,47
26025,175,45,0,0,9,1,14,19
26026,373,91,0,0,26,3,35,25
26027,395,143,2,1,25,1,53,56
26028,401,134,0,2,25,7,44,55
26029,450,137,1,3,36,1,51,44
26030,418,111,0,0,29,5,49,28
26031,412,151,0,4,17,3,62,59
26032,456,164,0,1,53,2,28,80
26033,234,86,0,1,25,0,24,36
26034,407,156,0,1,23,4,62,66
26035,495,174,0,0,54,2,27,91
26036,398,111,0,2,17,10,45,36
26037,282,89,0,0,22,3,38,26
26038,417,95,0,2,17,3,28,44
26039,414,132,0,1,19,4,51,56
26040,279,95,0,1,18,0,38,37
26041,375,156,0,3,28,3,80,42
26042,383,114,0,1,20,3,47,39
26043,351,98,2,0,29,1,33,33
26044,272,70,1,6,7,6,19,31
26045,468,166,0,3,24,8,66,63
26046,574,212,0,0,57,0,31,124
26047,321,85,0,0,18,1,31,33
26048,513,183,0,2,25,9,57,83
26049,295,103,1,2,14,6,39,39
26050,320,86,0,2,12,2,31,39
26051,377,154,1,0,24,0,66,63
26052,231,55,0,0,10,1,25,17
26053,355,123,0,0,27,1,32,62
26054,420,102,0,1,24,3,37,35
26055,290,113,0,1,24,3,46,39
26056,387,107,1,0,11,4,37,52
26057,361,124,1,2,36,3,47,34
26058,331,113,0,1,13,5,52,40
26059,471,151,1,1,17,11,70,50
26060,408,116,0,1,26,3,42,44
26061,282,91,0,0,23,2,41,25
26062,401,165,0,0,36,2,70,57
26063,218,48,0,0,15,3,20,10
27001,1178,382,2,0,86,3,23,266
27002,629,129,2,6,17,30,13,60
27003,569,128,1,8,6,23,11,78
27004,504,133,0,2,18,15,31,66
27005,265,127,0,1,28,3,5,89
27006,130,37,0,1,2,3,0,31
27007,757,261,0,1,46,11,25,178
27008,530,142,2,8,10,28,3,89
27009,561,255,2,5,24,31,9,180
27010,634,317,6,12,32,45,12,209
27011,701,208,1,1,41,9,19,137
27012,779,296,0,3,51,11,5,226
27013,481,210,1,0,40,1,35,133
27014,778,244,6,12,13,58,8,144
27015,356,107,0,4,10,24,8,59
27016,225,71,0,0,20,1,5,44
27017,701,273,1,1,73,2,19,176
27018,624,205,4,0,67,0,27,104
27019,596,146,0,3,11,23,12,97
27020,692,186,3,6,7,31,3,134
27021,383,152,1,5,13,22,11,98
27022,589,173,1,6,14,39,7,104
27023,154,34,3,2,2,9,1,17
27024,432,134,1,4,8,36,19,66
27025,351,93,0,5,7,20,7,54
27026,431,173,3,9,13,36,7,103
27027,603,173,0,11,18,29,8,105
27028,546,217,2,5,40,18,16,134
27029,456,125,3,5,24,29,9,55
27030,350,86,0,5,9,6,4,62
27031,390,126,2,3,9,30,6,75
27032,510,235,2,2,43,15,46,120
27033,442,152,1,5,22,13,13,96
27034,451,176,1,6,6,32,1,129
27035,520,171,1,1,35,2,38,93
27036,519,185,4,11,21,31,7,110
27037,510,256,2,3,24,19,19,182
27038,464,164,0,1,31,2,33,94
27039,332,84,0,8,8,14,4,50
27040,465,116,1,6,5,18,5,81
27041,669,269,2,0,73,0,48,143
27042,429,187,0,0,29,8,10,139
27043,151,61,2,2,4,16,4,31
27044,430,100,1,3,1,33,1,60
27045,334,106,4,7,7,18,3,66
27046,452,144,0,1,19,30,10,82
27047,386,120,3,12,9,17,2,75
27048,570,182,0,7,13,35,5,120
27049,458,136,4,9,13,23,10,76
27050,640,281,1,1,49,3,28,199
27051,83,17,0,1,1,3,0,12
27052,475,117,1,6,8,21,1,79
27053,437,174,1,4,36,16,18,98
27054,796,258,2,1,46,1,17,190
27055,454,131,3,3,9,22,12,81
27056,422,147,1,0,37,1,25,83
27057,460,123,1,0,22,5,6,89
27058,356,111,0,0,29,2,9,71
27059,614,228,0,2,28,3,66,127
28001,528,167,3,9,12,35,2,96
28002,713,220,5,7,18,47,17,125
28003,413,109,1,7,6,36,1,58
28004,569,167,1,4,10,47,1,103
28005,501,144,0,10,20,25,9,75
28006,431,98,3,6,7,24,1,55
28007,481,115,2,5,12,28,1,67
28008,499,149,1,9,14,32,6,86
28009,443,132,2,6,9,25,5,85
28010,131,42,0,3,0,12,2,25
28011,432,98,1,4,9,20,3,61
28012,390,106,2,5,9,20,2,68
28013,388,80,2,8,2,19,1,48
28014,351,91,0,7,6,29,1,48
28015,419,146,3,7,16,28,1,90
28016,435,111,3,3,13,21,5,64
28017,395,177,4,4,10,46,6,106
28018,672,201,0,13,17,35,4,128
28019,605,170,3,5,7,44,2,109
28020,484,184,3,7,16,51,3,101
28021,632,190,9,10,14,34,2,118
28022,450,153,4,10,15,23,3,98
28023,516,121,1,5,7,26,0,82
28024,421,90,1,6,8,10,0,63
28025,424,129,4,3,11,34,1,67
28026,417,146,1,12,6,56,6,63
28027,541,162,7,10,7,36,2,99
28028,337,87,1,6,8,14,0,56
28029,547,181,0,0,72,2,44,63
28030,398,90,0,4,5,23,3,55
28031,466,126,2,11,6,23,1,81
28032,464,136,4,6,12,19,6,84
28033,589,191,1,13,13,44,5,113
28034,168,51,0,0,15,1,25,10
28035,456,124,0,3,7,32,4,78
28036,475,130,1,4,14,22,5,84
28037,633,228,3,10,11,42,5,156
28038,323,95,1,0,50,2,21,19
28039,517,155,1,6,9,39,3,97
28040,663,209,5,5,11,35,2,150
28041,494,138,2,4,10,29,4,87
28042,463,119,0,3,8,32,0,75
28043,588,204,4,7,13,31,17,130
28044,562,170,3,14,14,24,3,112
28045,513,172,0,3,13,39,3,112
28046,461,154,2,3,10,35,3,101
28047,686,197,3,4,21,35,8,105
28048,361,80,0,3,2,16,2,57
28049,293,65,4,1,2,11,4,42
28050,394,96,0,5,9,21,1,60
28051,526,154,1,3,8,43,3,93
28052,497,129,1,3,20,20,8,77
28053,402,104,1,1,36,4,22,40
28054,517,108,2,7,9,23,4,62
28055,481,143,2,1,10,37,4,88
28056,525,145,1,6,14,31,4,88
28057,401,181,2,3,8,36,1,129
28058,591,163,1,11,12,21,4,112
28059,337,120,0,4,9,31,7,65
28060,345,114,5,4,5,24,2,74
28061,490,120,0,4,30,14,9,61
29001,818,327,4,5,33,56,5,220
29002,606,157,1,0,49,4,37,66
29003,567,281,0,2,31,71,1,175
29004,511,220,3,4,8,59,4,140
29005,552,188,4,7,10,34,6,125
29006,413,118,0,1,35,4,25,53
29007,512,140,0,2,40,5,31,60
29008,484,157,0,2,11,30,10,102
29009,495,186,0,2,54,2,36,90
29010,369,124,2,2,43,7,14,53
29011,634,260,6,8,20,53,5,165
29012,569,261,7,7,30,51,16,149
29013,557,232,2,20,21,43,3,142
29014,578,263,4,10,20,78,5,144
29015,497,270,11,8,22,71,2,156
29016,709,310,3,11,25,44,8,218
29017,447,198,5,8,12,35,5,130
29018,574,241,4,8,15,57,7,150
29019,674,304,2,8,26,59,7,197
29020,708,282,9,5,26,72,4,159
29021,630,192,2,12,15,49,5,106
29022,588,203,5,8,47,32,18,90
29023,532,197,2,10,10,43,6,126
29024,457,143,0,3,37,3,41,58
29025,626,238,3,6,14,36,8,170
29026,499,191,1,4,20,39,8,119
29027,508,151,3,7,12,36,2,91
29028,710,281,3,6,22,48,4,194
29029,639,270,5,7,29,70,6,152
29030,423,150,0,0,48,0,27,73
29031,507,182,4,9,14,47,2,105
29032,597,179,0,1,67,3,32,75
29033,417,222,1,5,17,49,8,129
29034,462,161,1,4,31,31,11,83
29035,500,196,2,6,14,42,4,124
29036,675,295,6,9,22,61,4,192
29037,542,215,4,6,13,39,4,147
29038,520,213,0,8,13,45,5,142
29039,460,172,0,1,77,7,23,64
29040,659,282,9,9,20,59,12,173
29041,611,241,2,7,14,43,6,165
29042,693,251,5,5,17,60,12,149
29043,573,268,3,10,18,53,2,182
29044,465,203,3,3,28,42,10,116
29045,470,190,2,10,19,44,13,102
29046,538,210,1,10,16,42,5,134
29047,588,287,4,7,29,46,20,181
29048,517,203,8,4,18,35,3,132
29049,790,310,2,6,27,54,5,215
30001,405,198,0,1,68,1,34,92
30002,408,144,1,0,38,3,19,81
30003,625,239,2,0,66,2,34,133
30004,564,149,0,0,37,2,47,63
30005,474,92,0,0,26,2,38,25
30006,424,154,1,2,49,12,22,65
30007,480,162,0,1,57,2,35,65
30008,650,203,1,1,64,3,40,92
30009,488,212,0,1,78,2,25,104
30010,582,157,1,0,56,3,42,55
30011,362,106,0,0,32,3,16,54
30012,447,131,0,2,42,2,27,58
30013,499,193,1,2,65,0,44,80
30014,268,56,1,0,13,0,10,32
30015,395,226,0,0,72,1,24,129
30016,587,224,0,0,81,1,44,97
30017,350,120,0,2,41,2,32,43
30018,547,155,2,1,44,3,25,78
30019,425,113,0,3,30,3,28,49
30020,503,123,0,0,30,1,52,38
30021,705,178,1,0,49,2,61,62
30022,712,191,0,1,66,4,82,38
30023,598,147,0,2,40,2,55,45
30024,575,138,0,0,27,3,56,51
30025,470,124,1,1,48,1,21,51
30026,383,108,1,2,35,1,32,35
30027,819,255,1,4,64,9,86,89
30028,492,150,0,0,53,1,25,71
30029,372,95,0,0,31,1,31,31
30030,659,225,3,2,73,3,26,118
30031,477,121,0,2,25,1,49,43
30032,286,72,0,0,9,0,29,33
30033,569,151,0,2,27,7,50,59
30034,495,196,0,1,64,3,49,77
30035,556,169,0,1,72,1,40,54
30036,588,166,0,0,48,2,47,69
30037,461,147,0,0,49,1,32,63
30038,542,224,3,1,71,1,27,120
30039,548,162,0,2,61,1,29,69
30040,589,168,0,1,71,1,35,60
30041,519,132,0,0,35,1,61,34
31001,265,82,0,0,34,1,19,27
31002,303,106,2,0,43,0,21,38
31003,379,159,0,1,75,1,32,45
31004,427,124,0,1,41,1,28,53
31005,511,191,0,0,67,1,46,77
31006,517,127,0,0,48,2,31,45
31007,461,125,0,1,38,3,40,43
31008,338,117,0,0,44,0,25,47
31009,428,126,0,2,37,1,25,61
31010,304,75,0,0,34,0,23,18
31011,379,159,0,1,45,5,33,72
31012,439,135,0,1,32,8,38,53
31013,564,134,0,1,41,2,45,45
31014,460,131,1,2,46,4,39,39
31015,288,78,0,1,19,1,16,41
31016,429,130,0,0,51,0,21,58
31017,388,117,0,1,35,3,35,43
31018,417,123,0,1,50,0,35,37
31019,395,124,0,1,43,1,26,51
31020,436,94,0,2,28,5,26,33
31021,489,159,0,0,45,3,61,49
31022,349,90,1,0,23,0,23,43
31023,285,94,0,0,34,1,29,30
31024,360,126,0,0,48,2,41,34
31025,467,126,1,0,44,1,41,39
31026,390,104,0,1,31,3,17,51
31027,434,105,0,0,32,0,39,30
31028,440,146,0,0,37,2,41,66
31029,378,141,0,0,50,1,28,62
31030,453,168,0,0,62,0,41,64
31031,575,201,0,0,70,4,58,69
31032,466,180,1,1,53,2,34,88
31033,443,168,0,0,45,2,42,79
31034,377,108,0,0,45,0,32,31
31035,374,93,0,0,36,0,19,37
31036,441,173,0,1,64,1,55,51
31037,451,113,0,0,54,1,28,29
31038,281,93,0,0,34,3,15,41
31039,345,83,0,0,33,0,26,24
31040,306,89,0,0,21,1,32,35
31041,441,137,1,0,40,0,24,72
31042,509,166,0,2,58,2,53,50
31043,510,183,0,4,70,0,42,67
31044,480,114,0,0,46,0,35,33
31045,441,130,0,1,54,1,28,46
31046,359,120,1,0,53,1,25,40
31047,468,141,1,0,41,0,33,66
31048,428,114,0,1,35,1,25,51
31049,249,74,1,0,17,0,29,27
31050,502,177,0,0,63,0,39,75
31051,312,99,0,0,36,1,27,34
32001,683,294,0,1,49,6,80,156
32002,801,286,5,1,62,7,35,172
32003,605,222,1,3,29,6,34,148
32004,701,326,0,1,66,2,34,220
32005,537,223,0,0,39,0,34,147
32006,658,295,1,4,78,3,62,142
32007,567,219,0,0,35,0,29,155
32008,886,384,0,1,74,2,30,277
32009,924,425,0,0,79,5,50,287
32010,785,275,1,0,58,8,31,175
32011,578,202,0,0,33,4,42,123
32012,398,172,1,0,28,7,38,98
32013,388,142,2,0,28,3,4,103
32014,565,250,2,0,64,3,38,141
32015,505,202,0,0,49,2,15,134
32016,609,244,1,1,54,1,48,138
32017,805,296,1,0,50,2,69,173
32018,604,195,3,1,38,0,12,140
32019,702,301,3,2,86,1,30,179
32020,678,267,2,0,55,1,27,181
32021,518,225,0,2,48,0,16,159
32022,769,332,1,1,55,1,27,246
32023,602,292,1,4,31,5,23,227
32024,963,321,0,1,67,2,20,230
32025,605,222,0,0,46,2,17,156
32026,630,244,2,3,47,2,54,131
32027,657,289,0,0,51,0,19,216
32028,519,194,2,2,48,1,27,114
32029,512,239,0,2,39,5,28,164
32030,812,323,1,2,88,4,24,204
32031,783,316,0,0,54,2,37,223
32032,743,277,0,0,71,0,17,187
32033,485,192,1,3,39,3,24,118
32034,872,281,0,2,58,6,42,171
32035,679,307,2,2,76,1,24,201
32036,801,312,1,1,49,2,36,223
32037,679,245,0,2,27,7,21,187
32038,717,293,0,2,55,1,30,205
32039,779,320,0,0,53,2,20,242
32040,699,317,0,0,56,5,20,234
32041,829,329,1,1,74,3,23,226
32042,916,342,2,0,93,3,35,205
32043,647,300,1,0,47,2,15,234
32044,442,203,2,0,32,13,24,123
32045,656,281,0,1,71,2,26,179
32046,327,124,0,2,35,2,18,67
32047,754,299,0,3,61,5,12,215
32048,949,400,4,1,78,14,23,277
32049,723,135,0,2,26,0,8,98
32050,763,229,0,2,47,0,17,161
32051,724,300,1,2,48,5,23,221
32052,448,174,1,1,26,0,21,124
33001,770,297,1,1,75,5,68,145
33002,744,313,0,2,80,2,46,178
33003,695,281,2,1,61,4,69,142
33004,857,339,0,2,84,5,89,158
33005,733,260,0,1,48,6,45,157
33006,697,314,2,1,84,5,47,174
33007,691,391,0,1,63,3,79,245
33008,607,264,1,1,41,0,76,145
33009,702,314,0,1,79,4,45,182
33010,761,370,2,4,82,7,42,231
33011,769,301,2,2,67,3,51,175
33012,750,330,3,1,84,1,52,188
33013,719,298,1,0,89,3,77,128
33014,792,224,1,1,46,5,55,116
33015,846,320,1,5,78,5,63,165
33016,679,223,1,1,55,5,48,112
33017,762,341,0,2,84,5,51,199
33018,281,92,0,0,18,1,13,60
33019,836,275,1,2,64,6,58,142
33020,773,294,3,0,51,5,76,159
33021,837,320,0,0,81,1,58,177
33022,728,337,0,0,84,0,63,189
33023,757,178,0,2,41,3,37,94
33024,655,369,1,3,62,4,73,225
33025,941,377,4,4,80,9,67,212
33026,858,289,2,6,58,5,64,154
33027,796,265,0,0,58,6,64,136
34001,792,364,6,22,40,74,14,204
34002,633,290,7,10,19,71,4,177
34003,706,273,9,13,36,44,4,166
34004,843,291,2,7,20,90,9,162
34005,655,231,3,11,26,36,7,145
34006,367,162,2,6,9,37,4,104
34007,686,326,3,7,33,79,9,195
34008,734,277,12,14,17,66,9,159
34009,551,174,4,7,15,46,3,98
34010,621,261,6,7,25,59,1,161
34011,570,147,3,5,9,34,2,94
34012,746,321,5,14,26,69,7,200
34013,759,286,7,6,25,61,11,175
34014,535,176,2,13,16,47,4,93
34015,662,185,4,10,7,49,2,108
34016,612,170,8,1,15,47,4,93
34017,631,235,8,10,22,62,4,129
34018,464,155,1,6,19,31,1,96
34019,146,64,3,3,13,9,3,33
34020,777,399,8,14,38,89,13,236
34021,547,265,4,10,21,63,12,154
34022,623,324,7,12,26,85,6,184
34023,619,228,1,10,28,40,4,144
34024,589,222,4,6,26,47,5,134
34025,638,283,6,9,13,67,3,184
34026,547,136,2,4,11,43,3,72
34027,623,201,4,7,15,52,1,119
34028,441,153,6,9,6,36,3,91
34029,611,252,6,9,15,63,8,151
34030,668,319,17,10,33,85,9,164
34031,420,124,5,7,8,16,4,83
34032,351,167,8,8,16,30,6,99
34033,343,119,0,5,15,27,3,69
34034,666,322,5,15,33,68,15,184
34035,662,289,4,10,25,62,6,182
34036,649,293,7,14,25,51,3,192
34037,668,226,6,13,16,53,5,133
34038,639,182,1,11,10,44,7,108
34039,714,171,0,4,13,54,3,95
34040,690,244,7,5,20,57,8,146
34041,464,145,3,13,17,37,2,72
34042,679,314,10,10,25,71,5,192
34043,772,370,8,14,28,92,12,213
34044,636,301,4,4,32,75,13,171
34045,663,260,10,17,12,50,6,162
34046,587,237,6,9,18,39,6,158
34047,391,145,3,2,16,42,2,79
34048,698,322,10,7,38,62,5,199
34049,719,365,8,12,34,83,4,218
34050,629,241,1,10,38,54,3,134
34051,881,415,7,17,65,90,11,221
34052,592,193,4,6,14,46,4,118
34053,604,116,2,11,12,23,2,65
34054,507,184,2,10,13,45,2,111
34055,728,266,1,8,13,64,10,168
34056,369,129,1,3,12,36,1,73
34057,694,207,4,7,15,43,5,132
34058,600,270,3,7,25,48,5,179
34059,685,246,4,14,15,53,5,151
34060,674,260,3,10,30,40,6,169
34061,537,208,8,5,17,58,7,113
35001,870,307,1,0,82,5,97,121
35002,626,253,0,0,64,2,100,85
35003,658,216,1,2,48,7,79,77
35004,662,279,1,3,76,5,52,141
35005,639,253,0,2,48,4,112,87
35006,888,265,4,0,87,3,63,107
35007,745,320,1,0,64,2,106,147
35008,570,242,1,1,45,2,60,133
35009,694,228,1,1,41,5,63,114
35010,730,273,1,1,57,1,98,115
35011,914,260,0,4,73,5,59,118
35012,696,310,3,0,44,1,91,169
35013,343,83,0,1,30,1,14,35
35014,762,270,0,3,46,9,102,110
35015,666,262,0,4,63,1,85,107
35016,684,280,1,2,53,2,74,147
35017,783,289,0,2,51,5,101,130
35018,823,315,0,1,92,4,105,109
35019,620,284,0,1,49,4,109,121
35020,709,224,1,2,59,6,61,93
35021,712,273,1,2,63,3,96,108
35022,215,100,2,1,32,0,16,48
35023,499,150,0,0,35,2,55,58
35024,472,159,0,0,37,0,38,84
35025,681,285,1,3,46,7,74,154
35026,858,310,1,1,108,1,50,148
35027,706,316,0,1,63,8,86,156
35028,828,309,0,3,44,8,101,152
35029,672,314,1,1,66,2,76,167
35030,840,356,1,2,69,4,131,144
35031,345,141,0,0,22,5,49,63
35032,415,164,1,2,38,3,75,43
35033,625,247,3,2,81,0,46,112
35034,726,284,0,1,64,3,108,105
35035,691,228,0,1,56,4,78,89
35036,478,175,0,1,27,1,75,71
36001,562,209,1,1,67,0,28,110
36002,518,213,3,2,78,13,29,88
36003,620,398,4,2,64,39,42,246
36004,507,176,1,1,46,6,42,79
36005,437,216,1,0,86,0,6,122
36006,618,242,2,3,79,1,24,131
36007,409,216,1,0,81,4,18,111
36008,546,260,1,2,102,2,28,125
36009,548,254,2,0,103,4,19,124
36010,380,189,0,1,75,0,14,97
36011,663,371,2,2,197,3,21,139
36012,394,210,0,0,83,0,14,111
36013,645,382,1,2,129,4,35,209
36014,618,295,0,4,106,1,34,147
36015,625,237,0,1,87,4,30,115
36016,657,380,0,1,115,20,32,211
36017,435,267,1,0,132,2,17,113
36018,597,334,1,0,184,3,12,133
36019,693,259,0,2,93,2,47,113
36020,809,338,3,2,108,4,36,184
36021,878,438,2,1,177,4,42,210
36022,766,372,2,2,136,12,42,178
36023,221,116,0,2,18,16,12,68
36024,535,254,4,6,44,29,18,151
36025,417,209,0,0,72,1,23,113
36026,636,260,2,2,83,1,27,143
36027,289,152,0,1,68,0,10,71
36028,632,246,0,0,79,4,36,125
36029,471,238,0,1,104,1,17,114
36030,636,352,0,0,167,4,28,151
36031,627,299,0,1,102,1,12,177
36032,565,264,0,1,124,2,20,116
36033,360,194,1,3,51,13,15,109
36034,377,211,2,0,111,1,13,83
36035,613,279,0,2,110,2,21,143
36036,518,224,0,0,68,2,39,112
36037,620,253,1,2,96,1,20,130
36038,345,167,0,1,69,0,21,76
36039,536,253,2,0,114,3,23,110
36040,690,334,1,0,153,4,22,151
36041,522,228,0,1,78,0,28,119
36042,500,221,0,2,90,3,14,110
36043,500,224,1,0,71,0,22,130
36044,477,281,2,5,65,35,28,145
36045,467,251,2,0,87,7,23,131
36046,403,226,0,1,102,1,12,108
36047,391,198,1,0,83,2,7,105
36048,504,234,0,1,112,3,18,98
36049,655,365,0,0,164,3,24,173
36050,473,222,1,1,76,2,27,114
36051,588,231,0,2,87,8,32,102
36052,721,255,0,1,85,6,45,117
36053,379,166,0,1,44,2,26,93
36054,609,328,4,7,61,44,29,183
36055,633,355,5,4,128,13,34,169
37001,582,161,0,1,74,7,37,38
37002,670,204,3,4,36,28,15,117
37003,631,127,0,0,20,12,18,77
37004,795,234,2,4,12,52,13,145
37005,706,268,4,8,28,52,3,167
37006,704,279,5,10,21,48,8,185
37007,791,260,3,10,27,46,7,164
37008,705,172,2,6,24,25,22,92
37009,571,198,2,6,12,46,4,122
37010,570,220,4,6,24,43,20,122
37011,368,112,0,1,43,3,29,34
37012,615,147,3,0,23,25,15,81
37013,719,198,1,6,26,30,14,120
37014,772,284,2,4,19,73,4,178
37015,653,200,2,6,17,33,6,135
37016,713,251,2,4,33,54,12,145
37017,593,196,1,11,13,34,2,134
37018,736,241,0,6,15,61,8,144
37019,615,158,1,0,46,10,47,54
37020,689,193,3,3,10,33,5,137
37021,614,212,3,10,18,43,3,134
37022,500,140,4,5,13,21,6,91
37023,502,170,0,3,15,36,2,112
37024,670,212,3,10,15,41,2,136
37025,724,240,2,12,24,59,3,139
37026,665,267,5,7,22,51,7,175
37027,716,235,2,4,13,52,4,158
37028,706,211,2,9,17,48,7,126
37029,709,225,3,4,21,44,21,128
37030,439,133,1,5,15,20,12,79
37031,569,232,2,7,25,60,6,131
37032,693,240,5,4,24,47,9,148
37033,660,175,1,4,13,29,10,117
37034,652,228,1,5,23,44,8,143
37035,642,233,4,4,18,48,1,155
37036,672,198,2,7,13,36,8,130
37037,640,201,6,6,14,43,5,126
37038,714,225,2,7,25,45,12,132
37039,723,199,0,2,61,8,52,76
37040,588,224,4,7,14,52,6,141
37041,735,258,7,9,21,50,9,160
37042,661,151,1,0,37,8,30,74
37043,716,172,0,3,14,22,7,125
38001,615,291,3,0,100,1,43,144
38002,563,192,1,1,60,0,21,107
38003,498,207,0,1,64,2,15,123
38004,294,139,0,0,43,2,11,82
38005,816,429,8,3,115,2,52,248
38006,672,232,2,1,75,0,46,107
38007,539,293,2,2,66,3,31,186
38008,394,177,1,0,80,2,16,75
38009,526,268,0,1,67,2,42,155
38010,594,303,0,2,78,1,49,172
38011,427,203,2,1,78,3,15,102
38012,507,237,0,0,82,0,15,139
38013,497,230,0,1,84,0,14,128
38014,459,214,1,0,79,3,15,113
38015,398,163,0,0,71,0,11,81
38016,642,231,1,1,70,1,38,120
38017,475,198,0,2,64,1,32,97
38018,465,259,3,1,86,4,21,143
38019,573,302,1,3,99,4,17,176
38020,606,334,0,2,94,2,35,201
38021,627,245,2,3,90,1,14,134
38022,545,247,2,1,85,2,24,132
38023,408,191,2,3,73,2,19,91
38024,487,151,2,3,44,3,24,73
38025,544,220,1,0,78,1,42,98
38026,422,190,0,1,82,7,8,91
38027,379,161,1,0,61,2,18,78
38028,434,190,0,1,70,0,19,100
38029,519,199,0,0,74,2,19,103
38030,516,195,0,0,78,0,11,106
38031,726,273,0,0,98,1,47,125
38032,602,307,2,0,123,1,18,161
38033,534,225,0,2,74,1,28,120
38034,469,176,0,1,65,2,40,68
38035,585,283,1,8,87,2,56,128
38036,542,233,1,1,80,2,36,112
38037,679,243,0,1,82,0,33,123
38038,663,282,1,1,106,4,27,142
38039,630,223,0,1,65,1,24,126
38040,403,177,0,0,57,2,17,100
38041,626,365,0,3,96,4,45,215
38042,523,289,1,4,114,0,19,150
38043,508,263,1,0,100,1,30,131
38044,530,250,0,1,81,1,24,142
38045,677,291,0,0,86,0,21,183
38046,504,210,0,0,83,5,14,105
38047,558,247,0,0,87,3,28,128
38048,456,230,2,0,77,4,28,119
38049,560,239,0,2,79,1,18,139
38050,536,252,2,1,95,2,26,125
38051,449,173,0,0,64,1,17,91
38052,562,227,0,1,62,0,27,136
38053,155,63,0,0,11,1,12,38
39001,445,269,1,1,105,1,19,141
39002,657,434,1,1,70,1,13,340
39003,451,263,1,2,100,3,13,144
39004,358,213,1,2,75,0,21,114
39005,405,195,2,0,72,1,19,101
39006,569,278,0,0,110,3,24,140
39007,404,199,0,0,47,2,23,125
39008,634,277,0,0,98,0,38,140
39009,692,312,2,0,85,3,31,188
39010,439,198,0,1,40,1,24,129
39011,653,287,2,0,79,5,20,179
39012,682,199,0,2,51,6,37,101
39013,321,136,1,0,32,1,22,79
39014,606,240,1,4,58,7,42,124
39015,455,239,0,0,85,1,19,132
39016,574,170,0,1,47,1,22,99
39017,551,175,2,0,35,3,15,119
39018,663,277,3,0,79,4,39,151
39019,408,171,0,0,47,3,25,96
39020,417,253,0,0,97,2,25,129
39021,400,180,0,1,56,0,31,90
39022,658,258,0,2,52,6,22,172
39023,261,153,0,0,37,0,13,102
39024,691,219,0,2,64,2,35,114
39025,734,259,0,3,71,2,35,145
39026,521,245,1,2,87,1,15,139
39027,502,258,0,1,59,6,38,152
39028,662,282,1,1,82,2,54,142
39029,571,265,0,0,59,10,35,161
39030,472,140,0,1,30,5,24,79
39031,495,187,0,0,64,5,15,102
39032,487,175,1,0,34,3,20,117
39033,723,295,3,3,61,2,32,188
39034,707,285,1,3,75,5,30,171
39035,675,288,2,0,63,2,39,180
39036,483,204,2,1,48,4,23,125
39037,611,367,3,3,111,0,29,218
39038,477,266,0,1,80,1,21,162
39039,232,113,0,1,40,0,10,62
39040,401,167,0,0,52,2,9,104
39041,235,98,0,0,29,2,4,63
39042,405,223,0,0,83,1,19,120
39043,543,220,0,2,48,5,32,133
39044,928,313,3,3,74,4,58,168
39045,456,153,1,2,37,4,25,83
39046,592,203,3,0,61,8,30,101
39047,386,172,0,0,59,2,21,90
40001,480,161,1,2,34,2,19,103
40002,395,144,4,2,36,1,15,86
40003,545,248,2,4,36,4,59,142
40004,457,232,0,1,37,3,68,122
40005,612,248,2,4,56,2,41,143
40006,532,235,1,1,41,2,58,129
40007,510,218,0,1,29,3,50,132
40008,188,62,0,0,14,0,9,39
40009,553,227,2,1,48,11,19,146
40010,622,272,6,4,47,1,30,184
40011,423,181,2,2,27,3,34,112
40012,354,172,0,1,29,3,40,98
40013,602,290,2,0,40,8,68,169
40014,692,243,0,1,66,0,20,156
40015,617,227,1,2,34,3,24,163
40016,505,265,0,3,56,10,21,166
40017,296,112,1,1,24,0,11,74
40018,700,218,0,3,38,18,33,126
40019,600,214,0,1,65,3,19,125
40020,471,208,2,0,50,2,36,118
40021,502,211,0,2,46,2,25,135
40022,334,148,0,1,24,1,18,104
40023,674,304,1,1,44,0,52,205
40024,472,142,0,0,36,3,11,92
40025,453,171,0,0,41,5,22,103
40026,501,252,1,1,29,2,77,140
40027,451,185,0,1,40,7,29,108
40028,678,262,3,2,52,8,44,152
40029,512,268,0,1,66,4,31,165
40030,480,285,0,0,54,1,23,203
40031,442,196,0,2,47,0,19,126
40032,412,135,1,0,36,3,14,81
40033,512,259,1,2,46,5,51,153
40034,394,157,0,0,30,3,15,108
40035,554,248,0,2,59,7,33,145
40036,626,261,0,0,76,0,26,158
40037,478,181,0,1,35,8,27,110
40038,366,116,0,0,25,0,12,79
40039,500,180,0,2,37,6,26,109
40040,309,162,0,1,38,1,14,107
40041,654,344,0,1,59,1,76,207
40042,563,287,5,1,39,4,58,179
40043,573,255,2,1,51,5,45,151
40044,495,150,0,1,25,2,17,105
40045,808,393,0,4,73,21,71,221
40046,590,316,0,3,63,5,42,203
40047,452,225,1,5,33,4,57,125
40048,452,158,0,1,44,3,25,83
40049,411,134,0,1,27,2,21,83
41001,698,386,0,4,206,2,24,149
41002,687,443,0,0,227,3,25,187
41003,742,350,3,1,146,4,30,163
41004,697,407,1,0,212,5,29,159
41005,853,426,1,2,199,3,37,182
41006,537,351,5,1,141,1,17,183
41007,731,459,0,3,228,2,28,195
41008,706,398,0,0,215,0,23,158
41009,795,390,2,3,183,4,32,165
41010,551,321,2,0,172,0,28,118
41011,751,438,1,1,244,3,32,151
41012,723,326,0,0,120,0,25,181
41013,430,226,0,5,114,4,15,86
41014,553,384,1,1,142,3,25,211
41015,805,424,1,0,223,2,23,169
41016,713,402,0,2,215,4,35,143
41017,714,422,0,1,205,7,23,182
41018,771,353,2,6,171,3,14,156
41019,641,411,2,0,182,2,23,200
41020,678,407,2,3,154,5,27,209
41021,775,395,1,0,218,3,29,142
41022,590,310,0,0,162,0,20,125
41023,590,317,0,1,146,1,19,149
41024,758,372,0,0,191,2,26,153
41025,542,129,3,0,56,2,3,64
41026,343,158,1,1,87,2,7,59
41027,348,109,2,0,48,4,7,48
41028,738,273,0,4,88,9,15,155
41029,550,161,0,1,55,4,10,89
41030,772,429,0,1,228,0,34,164
41031,702,414,0,0,232,2,23,156
41032,503,267,0,0,164,1,5,95
41033,513,283,0,1,161,0,15,105
41034,545,310,0,1,168,3,13,125
41035,718,429,2,0,224,1,30,170
41036,685,423,0,1,204,0,37,176
41037,684,426,3,1,243,3,20,153
41038,733,386,3,3,174,1,45,159
41039,501,257,0,0,134,1,19,103
41040,692,441,3,1,259,5,28,143
41041,743,425,1,2,233,0,19,170
41042,728,470,2,1,242,1,33,191
41043,678,389,2,2,198,1,21,165
41044,606,360,0,1,156,3,17,181
41045,673,367,2,0,174,2,36,153
41046,479,297,2,4,157,5,11,113
41047,489,315,2,2,127,1,12,170
41048,558,190,2,1,79,5,8,95
41049,682,455,0,0,275,1,31,145
41050,796,406,1,0,197,2,26,179
41051,493,270,1,0,143,3,11,111
41052,774,492,0,3,243,1,29,216
41053,692,389,1,1,181,2,40,162
41054,415,276,2,3,106,1,18,145
41055,609,353,2,2,195,4,19,129
41056,731,477,0,1,226,2,36,208
41057,581,324,0,0,202,1,12,107
42001,661,351,1,1,49,1,6,293
42002,414,189,0,2,27,8,12,138
42003,677,251,2,1,29,6,12,201
42004,525,298,0,0,56,2,8,230
42005,399,252,0,0,42,2,9,198
42006,696,470,1,2,95,16,19,336
42007,521,231,0,1,49,4,9,165
42008,701,350,1,2,65,5,23,253
42009,1756,598,3,2,131,18,37,405
42010,416,217,0,0,37,1,6,173
42011,588,325,1,1,65,7,11,239
42012,404,208,0,0,43,3,10,152
42013,669,412,1,3,94,13,22,276
42014,678,254,0,1,44,2,5,201
42015,559,294,2,2,52,3,16,218
42016,408,203,0,0,20,2,8,173
42017,1067,406,6,7,60,34,35,259
42018,1610,524,3,3,81,1,32,403
42019,394,98,0,0,23,2,5,68
42020,462,147,2,1,36,5,8,95
42021,539,202,0,0,35,1,9,156
42022,668,191,0,0,36,3,8,142
42023,605,354,0,0,42,0,15,294
42024,641,326,1,0,54,6,13,252
42025,513,244,0,0,48,2,12,181
42026,564,292,4,5,41,24,18,199
42027,614,327,2,0,90,8,25,200
42028,488,256,0,1,48,6,14,186
42029,580,305,1,0,40,2,5,257
42030,426,193,1,1,37,6,9,138
42031,691,277,3,0,57,1,6,209
42032,578,255,0,1,49,3,11,190
42033,552,342,1,0,76,5,15,245
42034,497,245,0,1,58,1,9,176
42035,391,232,2,1,38,0,9,182
42036,569,185,0,0,34,0,8,141
42037,503,237,0,0,32,1,4,200
42038,448,203,0,0,20,1,4,178
42039,345,140,2,0,14,9,5,107
42040,542,296,1,0,37,2,7,248
42041,1181,430,0,3,75,9,21,320
42042,359,169,0,0,19,0,3,146
42043,462,280,1,0,41,6,13,219
42044,555,215,0,1,32,6,9,166
42045,514,262,1,0,42,1,14,202
42046,651,218,2,1,49,3,8,155
42047,279,158,0,1,34,3,3,117
42048,502,231,0,0,44,3,6,177
42049,218,64,0,1,5,5,0,53
42050,980,438,0,1,94,0,20,321
42051,1151,548,1,2,116,11,33,381
42052,261,157,2,1,50,4,5,94
42053,698,333,1,0,67,5,13,246
42054,442,190,3,0,43,6,9,128
42055,691,295,0,1,63,9,9,212
42056,905,404,2,1,61,5,15,319
42057,598,200,1,1,43,7,9,138
42058,561,203,1,0,38,3,5,156
42059,1019,351,0,0,73,0,15,263
42060,384,125,1,0,19,6,13,85
42061,466,205,0,0,40,1,7,157
42062,320,175,0,0,30,3,8,134
42063,443,268,0,0,47,2,3,214
42064,224,80,0,2,11,9,2,56
42065,770,352,0,1,66,4,11,269
42066,602,244,2,3,46,10,14,168
42067,1404,509,0,2,84,7,18,396
42068,903,295,0,1,46,2,14,232
42069,666,155,1,1,34,8,16,94
43001,732,355,0,5,48,16,29,256
43002,713,287,0,0,46,0,14,227
43003,613,277,0,0,46,1,14,215
43004,747,395,1,3,87,5,19,279
43005,599,286,1,1,47,2,10,224
43006,529,216,1,4,35,11,19,145
43007,645,314,2,2,43,5,23,235
43008,722,363,1,3,52,2,27,274
43009,589,238,0,1,42,2,19,174
43010,654,256,1,0,33,3,19,200
43011,509,218,0,2,28,2,11,174
43012,653,349,1,0,71,1,15,260
43013,408,156,1,1,18,10,9,114
43014,422,243,1,0,35,0,8,199
43015,479,243,1,0,33,2,8,198
43016,542,272,1,0,39,2,12,217
43017,709,316,0,2,74,1,17,220
43018,636,321,0,1,58,5,15,240
43019,628,215,0,1,54,3,12,141
43020,633,280,0,2,48,3,16,209
43021,607,259,0,1,43,2,17,194
43022,625,225,0,0,51,2,17,154
43023,438,236,1,0,28,2,9,194
43024,641,288,3,1,61,2,16,204
43025,573,283,1,2,36,8,7,227
43026,428,239,2,1,54,0,12,165
43027,429,221,0,1,28,1,8,180
43028,692,384,0,2,71,1,11,298
43029,558,226,0,2,62,1,14,146
43030,558,188,0,2,33,6,12,134
43031,691,321,0,1,69,2,19,228
43032,497,285,0,0,44,1,12,228
43033,555,166,5,2,21,1,22,114
43034,326,135,1,1,26,1,8,97
43035,664,329,1,1,45,3,7,270
43036,497,235,4,2,42,3,9,175
43037,639,235,3,5,39,5,11,169
43038,509,204,0,0,51,1,14,135
43039,400,220,1,1,54,1,10,153
43040,249,123,0,0,27,1,5,89
43041,379,149,1,1,19,1,4,121
43042,422,218,0,0,34,2,6,176
43043,654,215,1,1,32,5,11,159
43044,689,271,0,2,63,1,10,194
43045,268,100,1,0,21,1,2,74
43046,631,327,0,0,48,1,12,264
43047,559,262,2,1,39,6,12,201
43048,628,251,1,0,47,7,16,175
43049,553,247,2,0,39,1,20,183
43050,524,218,0,0,37,1,9,168
43051,685,304,2,4,36,24,16,219
43052,598,230,3,0,44,1,6,176
43053,597,264,1,2,52,9,18,180
43054,500,210,0,0,40,5,15,149
43055,652,283,0,3,30,33,17,196
43056,563,197,0,2,36,3,8,148
43057,520,194,1,1,34,5,12,141
43058,442,185,0,1,34,2,12,134
43059,452,278,0,3,47,4,16,205
44001,444,247,0,2,36,3,16,190
44002,386,223,2,1,34,5,21,160
44003,459,303,0,0,38,1,15,249
44004,497,308,0,0,38,3,14,251
44005,696,278,0,2,49,6,25,195
44006,724,250,1,1,36,3,24,184
44007,544,310,0,2,65,1,15,226
44008,337,118,0,1,25,4,8,80
44009,576,221,2,1,31,2,18,165
44010,614,173,1,0,33,2,12,125
44011,692,245,0,0,49,1,19,175
44012,451,225,0,0,45,0,10,170
44013,438,178,1,1,24,2,22,128
44014,650,220,3,1,30,1,31,154
44015,742,334,0,0,43,5,26,260
44016,702,270,0,0,42,1,30,196
44017,598,289,0,1,36,4,33,214
44018,545,197,1,0,37,1,15,139
44019,387,134,0,1,20,2,11,100
44020,788,234,0,2,42,1,21,168
44021,817,274,0,2,47,4,24,197
44022,580,329,0,0,48,5,14,261
44023,610,230,0,1,28,3,29,169
44024,527,174,1,0,23,3,19,128
44025,674,264,1,1,35,2,25,200
44026,616,237,0,1,44,1,19,171
44027,834,288,1,1,44,1,23,218
44028,533,198,0,0,49,0,9,140
44029,815,296,1,0,49,0,34,211
44030,591,228,0,1,31,2,26,166
44031,740,299,1,0,45,1,26,225
44032,436,208,0,0,22,5,19,160
44033,738,312,1,1,40,3,37,230
44034,364,164,0,0,27,4,11,122
44035,422,231,0,0,40,1,16,171
44036,765,227,1,2,36,4,20,163
44037,754,324,1,2,49,7,31,234
44038,730,257,0,0,61,1,24,170
44039,769,258,3,1,39,0,19,196
44040,719,260,0,1,51,1,23,183
44041,760,299,0,2,26,7,23,236
44042,833,357,0,2,58,9,27,260
44043,855,316,1,2,52,1,23,237
44044,719,313,1,0,48,5,20,238
44045,825,304,1,3,44,4,19,233
44046,392,194,0,0,24,2,12,155
44047,946,395,1,2,80,4,31,277
44048,384,211,0,0,39,0,18,154
44049,799,413,1,1,52,2,25,332
44050,663,228,2,1,59,1,28,137
44051,580,177,1,0,32,2,13,129
45001,566,241,0,2,87,1,32,117
45002,662,365,1,2,166,1,21,172
45003,586,343,0,0,152,0,23,166
45004,678,384,0,1,164,6,21,191
45005,606,347,1,1,172,1,24,146
45006,604,292,3,0,133,3,24,129
45007,662,301,1,2,75,4,57,157
45008,531,221,1,0,84,1,20,114
45009,641,351,1,1,162,0,32,155
45010,773,350,1,3,127,4,42,169
45011,596,294,0,2,123,2,21,143
45012,612,358,1,0,121,3,39,192
45013,673,382,2,1,137,1,23,216
45014,726,336,4,1,105,7,46,171
45015,639,324,1,2,148,5,25,141
45016,597,282,0,2,92,5,37,145
45017,488,261,1,1,91,4,23,138
45018,502,290,0,2,82,4,36,162
45019,552,351,4,3,143,1,16,184
45020,595,285,1,4,106,3,22,142
45021,587,280,0,0,119,3,25,133
45022,589,274,0,2,113,4,22,131
45023,580,330,1,3,156,0,17,151
45024,717,394,1,0,146,8,32,203
45025,629,286,1,1,89,0,25,169
45026,605,325,3,0,103,5,40,172
45027,535,265,1,3,113,1,24,123
45028,596,264,0,0,84,1,39,140
45029,661,288,1,5,97,5,29,150
45030,568,312,5,1,129,6,24,146
45031,715,305,1,3,93,3,41,163
45032,469,200,1,0,72,2,17,108
45033,540,290,0,2,123,5,26,132
45034,520,227,0,0,80,2,23,122
45035,570,319,3,2,134,2,27,151
45036,465,304,0,1,132,0,29,140
45037,701,301,3,1,93,1,33,170
45038,689,340,1,0,92,2,37,206
45039,658,343,0,5,106,3,37,190
45040,618,324,3,0,98,3,35,184
45041,466,192,0,0,68,2,23,98
45042,493,292,2,3,112,1,22,152
45043,567,267,0,1,95,0,29,142
45044,590,362,1,1,142,5,36,173
45045,535,238,0,0,85,0,23,130
45046,621,312,2,5,89,4,27,183
45047,633,287,0,0,104,2,20,161
45048,590,302,3,3,78,2,43,172
45049,516,306,3,0,108,2,29,161
45050,592,287,3,2,112,2,19,148
45051,600,301,2,0,141,4,26,127
45052,561,313,0,1,128,1,22,161
45053,494,238,2,2,103,0,24,106
46001,744,507,0,2,89,11,35,369
46002,615,288,3,1,37,3,48,196
46003,690,329,1,6,45,16,30,226
46004,643,313,3,8,41,29,30,201
46005,567,209,1,0,40,7,20,140
46006,852,356,3,0,57,19,23,244
46007,422,199,0,1,33,2,19,144
46008,820,384,3,4,44,25,32,265
46009,604,295,0,3,57,4,37,191
46010,509,244,0,1,48,7,26,162
46011,714,326,3,4,52,15,32,214
46012,691,388,1,2,51,13,56,261
46013,710,289,0,3,46,12,15,210
46014,546,241,0,0,19,4,45,172
46015,659,354,2,2,61,4,27,255
46016,591,312,1,4,58,5,48,194
46017,689,407,2,4,57,9,35,299
46018,530,310,1,2,32,5,38,229
46019,715,331,1,3,52,1,68,202
46020,555,255,3,4,24,10,15,194
46021,337,140,0,1,30,0,23,85
46022,633,336,4,5,45,25,21,227
46023,513,256,9,7,28,27,5,175
46024,631,218,0,1,39,1,16,161
46025,878,419,5,5,59,14,35,283
46026,801,338,1,8,41,26,36,220
46027,818,382,0,2,79,11,37,248
46028,746,334,1,3,68,4,21,235
46029,464,267,1,3,47,7,23,184
46030,677,328,1,5,48,8,35,231
46031,648,353,0,2,52,1,27,271
46032,778,292,5,8,40,45,13,172
46033,714,346,4,1,57,5,34,244
46034,579,278,2,2,28,15,28,199
46035,790,432,1,6,77,26,38,283
46036,570,298,0,0,63,5,19,210
46037,441,229,1,0,32,1,22,172
46038,711,320,5,5,39,21,27,212
46039,678,350,0,1,71,5,24,245
46040,604,229,2,5,20,26,22,150
46041,785,320,4,4,29,23,30,226
46042,753,338,1,3,28,27,42,230
46043,684,351,1,2,53,3,25,266
46044,610,246,1,2,33,21,12,171
46045,671,324,2,3,67,5,24,222
46046,552,309,3,4,43,10,35,211
46047,389,127,1,1,23,7,17,76
47001,702,330,3,0,64,3,60,197
47002,450,260,0,0,61,0,28,169
47003,511,294,1,1,65,1,32,194
47004,543,350,1,0,54,1,46,247
47005,659,350,2,3,61,3,46,235
47006,632,364,0,0,56,1,51,254
47007,608,331,1,0,82,0,30,215
47008,801,438,0,0,59,3,66,307
47009,471,265,2,0,76,3,27,156
47010,471,215,2,0,29,0,37,146
47011,962,492,3,1,78,7,71,332
47012,622,335,2,2,66,5,38,221
47013,694,431,1,3,66,4,69,288
47014,473,233,1,2,33,1,43,152
47015,740,349,4,2,56,10,66,209
47016,593,332,1,1,57,0,68,205
47017,626,336,1,1,68,4,32,228
47018,696,336,3,1,48,2,30,251
47019,655,358,1,0,51,5,63,237
47020,753,401,1,2,72,3,63,256
47021,569,346,1,0,66,7,67,203
47022,574,309,1,3,65,2,46,190
47023,295,167,1,1,19,3,41,102
47024,745,311,0,3,49,3,39,217
47025,835,373,0,0,54,5,36,278
47026,1033,490,2,2,69,5,99,311
47027,639,293,0,1,76,3,30,183
47028,772,426,2,2,72,1,52,297
47029,744,365,0,1,95,4,31,233
47030,715,360,2,1,55,3,62,236
47031,693,329,0,5,48,8,46,220
47032,728,334,0,0,61,2,73,197
47033,561,304,0,1,60,3,57,182
47034,793,399,2,5,61,3,64,262
47035,907,483,4,1,64,4,41,365
47036,959,462,3,2,64,2,77,309
47037,799,438,1,1,66,3,66,300
47038,671,369,0,2,55,2,61,248
47039,609,320,1,2,34,1,40,240
47040,615,318,2,1,46,2,53,211
47041,1031,523,1,5,77,7,60,372
47042,539,270,2,2,47,5,59,155
47043,438,213,1,0,33,0,16,162
47044,725,352,3,2,58,6,24,257
47045,630,368,0,3,47,4,70,241
47046,535,244,0,0,48,1,37,158
47047,570,282,1,2,50,8,41,179
47048,81,56,1,0,5,3,5,42
47049,459,201,1,1,35,4,30,129
47050,671,316,0,0,67,0,32,215
47051,389,190,0,1,46,3,20,119
47052,282,227,0,1,35,7,27,157
48001,622,285,1,3,45,8,50,178
48002,437,231,1,5,36,11,26,151
48003,838,340,1,3,43,9,44,237
48004,769,337,0,2,60,6,31,235
48005,412,263,1,3,52,2,31,174
48006,781,322,3,3,37,28,25,226
48007,473,222,0,2,37,2,46,134
48008,414,216,1,0,40,3,25,147
48009,540,271,0,2,54,10,14,190
48010,387,201,0,1,33,4,34,129
48011,578,293,0,1,33,2,46,211
48012,609,273,0,0,44,9,28,191
48013,471,246,0,0,39,8,30,169
48014,747,327,4,2,31,22,29,238
48015,548,152,1,3,33,9,13,92
48016,544,248,2,3,31,10,23,167
48017,631,318,1,3,61,5,50,198
48018,498,154,1,3,17,19,16,95
48019,516,228,2,3,36,7,34,146
48020,339,194,0,0,32,1,22,138
48021,740,280,2,3,36,50,9,178
48022,574,392,2,0,61,15,32,282
48023,506,247,3,2,48,11,21,161
48024,477,153,0,2,10,7,18,114
48025,592,319,2,1,35,13,28,233
48026,595,282,0,5,48,11,21,197
48027,410,196,3,3,34,11,9,135
48028,397,259,1,1,35,4,18,200
48029,364,235,1,1,26,4,14,187
48030,516,287,0,1,38,2,42,202
48031,567,206,1,4,23,22,21,134
48032,528,200,0,1,26,16,31,122
48033,353,239,1,1,41,1,16,179
48034,801,360,1,2,59,17,25,248
48035,402,128,4,2,18,21,11,71
48036,399,246,1,3,38,13,7,183
48037,545,228,0,2,31,3,38,153
48038,523,347,0,2,48,3,51,243
48039,452,259,0,3,37,10,25,184
48040,469,180,1,0,38,9,28,102
48041,441,160,0,1,26,7,9,111
48042,492,257,0,3,25,6,70,153
48043,641,295,2,0,39,2,45,207
48044,717,313,0,2,24,6,51,230
48045,493,199,1,0,28,9,30,128
48046,402,166,1,2,24,12,10,117
48047,579,219,0,6,29,16,29,137
48048,557,264,1,0,35,5,39,184
48049,295,113,0,1,14,5,15,78
48050,569,295,1,2,43,6,65,177
48051,632,380,1,0,39,1,64,274
48052,524,190,0,1,35,7,46,101
48053,451,162,0,3,26,4,25,103
48054,614,187,2,3,24,14,12,132
49001,639,228,2,8,25,24,20,148
49002,713,348,1,2,66,12,36,231
49003,382,189,0,1,28,5,46,103
49004,347,129,0,0,22,6,19,81
49005,589,258,7,2,30,26,29,162
49006,592,218,5,1,32,12,35,130
49007,443,202,0,0,31,4,39,127
49008,614,278,2,4,49,10,60,151
49009,388,216,1,3,30,10,38,134
49010,456,225,2,1,34,6,48,132
49011,494,190,5,2,31,20,23,105
49012,595,247,0,2,47,9,42,147
49013,630,313,1,1,63,8,55,185
49014,527,260,3,3,43,8,39,162
49015,680,221,3,1,21,18,29,145
49016,484,207,5,2,29,11,22,136
49017,229,76,0,0,16,3,6,51
49018,338,192,0,3,35,2,37,114
49019,492,182,0,1,27,20,27,105
49020,728,298,10,4,30,39,37,170
49021,183,70,0,0,18,0,8,44
49022,499,246,2,1,35,14,47,140
49023,460,201,3,4,28,18,39,108
49024,570,259,3,2,47,10,42,152
49025,567,287,4,1,43,12,54,171
49026,597,312,2,4,30,20,58,194
49027,824,327,6,2,53,23,51,190
49028,449,160,2,2,22,14,19,94
49029,666,295,6,5,53,10,29,189
49030,589,250,2,2,39,9,34,163
49031,483,232,2,3,34,6,49,137
49032,360,172,2,1,32,1,32,103
49033,406,201,1,2,30,6,28,132
49034,677,241,3,7,24,18,19,166
49035,596,272,0,1,46,7,58,157
49036,718,354,2,4,48,17,79,204
49037,835,362,1,6,50,15,59,228
49038,492,201,1,1,28,11,39,121
49039,574,221,2,2,29,16,43,128
49040,537,199,0,3,49,0,28,117
49041,580,244,1,3,53,6,33,147
49042,647,248,3,1,30,14,47,153
50001,665,367,3,1,92,6,22,240
50002,746,337,0,1,109,7,22,198
50003,521,279,1,1,56,4,30,184
50004,621,280,2,0,55,7,36,179
50005,684,358,1,2,71,6,33,237
50006,374,191,1,0,37,11,20,118
50007,566,334,0,4,75,8,52,193
50008,648,183,1,0,53,5,20,103
50009,577,232,1,2,43,8,29,145
50010,587,231,1,1,53,8,13,150
50011,567,275,4,0,52,3,22,188
50012,302,184,0,1,19,2,9,149
50013,917,316,9,2,75,16,36,173
50014,219,139,0,0,21,2,9,103
50015,569,347,0,4,70,1,72,197
50016,218,158,0,0,18,3,6,129
50017,752,243,2,1,62,5,22,146
50018,549,230,3,2,51,6,27,136
50019,673,237,6,2,57,11,26,134
50020,594,268,1,1,62,9,43,146
50021,588,298,5,4,68,5,52,163
50022,800,251,4,4,47,16,40,136
50023,585,228,0,3,56,2,28,136
50024,773,282,2,5,57,19,28,165
50025,679,317,1,0,80,4,21,209
50026,690,223,3,3,40,20,27,120
50027,207,123,0,0,30,1,9,81
50028,659,297,5,5,42,18,14,195
50029,654,289,3,4,56,8,36,179
50030,552,271,1,1,64,3,29,165
50031,151,94,0,0,18,2,3,68
50032,698,257,1,3,40,10,50,151
50033,541,186,1,1,44,3,12,121
50034,665,219,1,5,31,30,15,132
50035,656,340,2,2,55,10,54,217
50036,585,296,0,0,55,4,61,173
50037,628,281,0,1,36,4,46,194
50038,249,170,1,3,23,1,5,136
50039,569,259,4,1,51,8,29,161
50040,735,335,0,1,82,5,22,219
50041,678,368,1,1,112,4,25,220
50042,476,245,3,2,45,3,42,150
50043,752,285,2,3,67,23,36,148
50044,529,255,0,0,77,2,9,160
50045,345,167,0,0,67,2,5,92
